業界,概要文
食品店業界の会社,千葉県を中心として「わくわく広場」という名称の農産物直売所を運営している。またホームセンター「ファミリーセンタータカヨシ」の運営も行っている。
高齢者向け福祉業界の会社,居宅介護事業所「ヘルパーステーションかのん」やデイサービス「樹楽稲葉荘」の運営を行っている。 食事や排せつなどの介助、調理および掃除などの生活援助に取り組む。また、デイサービスでは機能訓練等のサービスも手掛けている。
タクシー業界の会社,kmグループに属し、自社のドライバー基準を満たしたドライバーが接客サービスを行うタクシー会社。東京四社共通チケットやクレジット会社発行タクシーチケット、交通系ICや各種クレジットカードの支払いに対応している。
Webサービス・アプリ運営業界の会社,複数メーカーのフォントがすべて使用でき、アプリに対応している年間定額制フォントサービス「LETS」の開発と販売を行う。LETSの会員限定の、ロイヤリティフリーの写真素材「AIデータ」も開発している。まんがのフォントが使える「mojimo-manga」も取り扱っている。
タクシー業界の会社,通常のタクシーでの送迎に加え、ジャンボタクシーや子育て支援タクシー、介護専用タクシーなどの業務を手掛ける。その他、放置車両撤去サービスも行う。
タクシー業界の会社,"京都を中心に、近畿圏でタクシーを運行している会社。タクシーを貸し切り、世界遺産巡りと伝統工芸体験ができる京都観光プランなどを提供している。5,000円以上のメーター料金を半額に割り引く制度や、24時間同一料金など、夜間や長距離で利用しやすいことを特徴とする。"
警備業界の会社,北海道旭川市を拠点とし、土木工事現場や建設工事現場における交通誘導警備などを手掛ける。
金属部品製造業界の会社,群馬県高崎市に事業所を置き、金属の機械加工を行い工作機械部品や建設機械部品の製造を手掛ける。また、油圧モーターやシリンダー、自動車やオートバイ部品の製造も行う。他に、部品の組立や検査にも対応する。
高齢者向け福祉業界の会社,あんしんセンター事業として、高齢者向けの緊急通報サービスや健康相談サービス、特定保健指導などを手掛けている。また、介護事業も行っており、「かたくり在宅介護センター」「かたくりの里デイサービス」などの介護施設を運営している。さらに、福祉用具の販売やレンタルも実施しており、アフターサービスやメンテナンスにも対応する。
警備業界の会社,一般の建物における「セキュリティシステム」や、一般家庭における「ホームセキュリティシステム」などの機械警備を行う。また、官公庁や会社及び銀行などで、火災や盗難などの防止に努める常駐警備も手掛ける。さらに、保安警備や催事警備及び輸送警備なども行っている。
金属部品製造業界の会社,日機装株式会社の関連企業として主に航空機部品などの製造を請け負う。航空機の着陸時に用いる逆噴射装置「カスケード」を製造する。また、エンジンナセル部品アフトフェアリングやブロッカードアなどの製造も手掛ける。その他、エンジン部品ファンケースライナーや人工衛星用部品チューブやパネルを製造を行う。
人材紹介業界の会社,レストランやホテルおよびブライダル分野を中心としてた人材紹介および派遣を行う会社。調理人やバーテンダーのほか、接客・配膳要員などアルバイト要員にも対応。また調理場や洗浄部門等の営業業務の代行運営も手掛ける。その他、Webで求人サイトの運営を行う。
タクシー業界の会社,一般乗用旅客自動車運送業を行う会社である。
高齢者向け福祉業界の会社,株式会社喜林とともに喜林グループを形成し介護養護施設などの運営をしている。デイサービスや小規模多機能ホームの運営の他に訪問介護や児童向け、障害者向けの施設の運営も手掛けていることが特徴。さらに介護相談や職員研修等も行う。
金属部品製造業界の会社,工作機械や建設機械及び農業機械等の部品加工と組立及び塗装までの一貫製造を行う。また、製造部品としてピンやシャフト及び車輪等の切削加工や溶接を扱い、鋳造部品の精密加工や表面処理及び研磨等も手がける。さらに、フォークリフト部品及び製品の製造も取扱う。
Webサービス・アプリ運営業界の会社,音楽イベントやプロスポーツ、美術館などの電子チケットに伴うシステムの開発および運営を手掛ける。電子チケット「メモコレ」や、転売防止を目的とした公式チケットトレードサービス「EMTG TRADE」の運営も行う。
タクシー業界の会社,東都自動車グループ・タクシー部門の一つで、東京都だけでなく神奈川県港北にも営業所がある。また港北営業所では東急東横線日吉駅付近を中心に、無線配車を営業所独自で行っている。その他、観光タクシーの運行も行う。
警備業界の会社,イベント開催時や店舗オープン時の雑踏警備や、ビル・学校などの施設警備、道路工事や建築現場における交通誘導警備などを行っている。また規制車や規制材などを使用した交通規制も行っており、一般道だけでなく高速道路に対しても対応する。
金属部品製造業界の会社,工作機械部品や楽器部品およびオーディオ部品などの製造を行う。また、PFダイカストによるキャップヘッドやグリップハンドルの製造も手掛ける。
高齢者向け福祉業界の会社,「花咲グループ」の介護付有料老人ホームと住宅型有料老人ホームを運営する。常時連携のとれる主治医が在籍しており、夜間の救急搬送にも対応可能。介護付では要介護および要支援の認定を受けた人を対象としている。
マンション・アパート賃貸業界の会社,マンションやアパートおよび戸建などの賃貸や売買等を行うほか、土地や投資用物件なども売買を行う。また、賃貸物件の管理や空室物件の対策なども手掛ける。その他に、不動産の査定にも携わる。
タクシー業界の会社,旭交通グループの1社として鹿児島県川内市を拠点に、タクシーの運営を行う。普通車や特定大型車の他に、車椅子専用車や寝台車などの福祉車に対応し運用を手掛ける。
ホテル・旅館業界の会社,榊原温泉を源泉とする扇野温泉の宿「扇芳閣」の運営を手掛ける。伊勢志摩の魚介類を使用した会席料理を提供するほか、庭園の露天風呂や屋外プールなどを備える。
タクシー業界の会社,千葉県の松戸市・柏市や我孫子市及び野田市・流山市で営業するタクシー会社である。また、弊社の乗務員が買物代行や自宅の施錠確認等に対応する「便利屋タクシーサービス」を行う。
警備業界の会社,別荘地における防犯や防災のためのパトロール車両による巡回や、常駐の警備員によるモニター監視などを請け負う。また、定期清掃や設備の点検なども手掛ける。その他、空き家の受託管理や別荘のリフォームおよび水質管理や配管の修繕工事を行っている。
自動車部品・カー用品製造業界の会社,ダイハツ工業株式会社向けのバックドアやフェンダーおよびフューエルリッドなどの自動車部品および樹脂外板部品の製造を手掛ける。
自動車部品・カー用品製造業界の会社,米国のカーシートメーカーAdientの日本法人であり、自動車用シートのサプラヤーとして事業を展開している。
マンション・アパート賃貸業界の会社,主にマンションやアパート、戸建て住宅など賃貸不動産物件の仲介を行っている。また、賃貸物件を所有するオーナー向けに不動産管理を行い、入居者募集などを手掛ける。その他、不動産の売却、投資用不動産の購入サポートを行う。
自動車部品・カー用品製造業界の会社,自動車電照灯プラスチック製品などの製造を行う射出成形メーカーである。フォグランプやヘッドランプ等の自動車に搭載されるランプのボディを製造。また、レンズ及びリフレクターやシェード等の射出成型製品の製造も行う。その他、大同特殊鋼株式会社より委託を受け、集光型太陽光発電用レンズの開発を手掛ける。
金属部品製造業界の会社,医療機器や自動車などの精密機器に用いられる工業用刃物を専門に製造し、主に「ファイリ―刃」などのオーダーメイドを行う。直刃や丸刃の製造にも対応している他、「抜き型ファイリ―」などの鉄砲丸刃なども取り扱う。その他、プレス機メーカー会社と共に切断装置などの製造にも取り組む。
ホテル・旅館業界の会社,「ホテルニュープラザ久留米」を運営する。シングル、カップル向け、ビジネス向け宿泊プランを提案するほか、ウエディングや宴会なども請け負う。また、ホテル内にあるレストランで食事をとることも可能で、ホテルオリジナルの商品を販売している。
ホテル・旅館業界の会社,「ホテル竹園芦屋」や但馬牛専門店「レストランあしや竹園」などの運営を行っている。その他、精肉販売業では「あしや竹園 本店」のほかに百貨店にも店舗を構え、但馬牛を提供する。また、不動産賃貸業も手掛けており、ホテル内テナントに加えて芦屋地区の金融機関の店舗など保有する。
居住用リフォーム業界の会社,外壁・屋根の塗装や防水工事、水廻り工事などを行うリフォーム会社。医療・福祉施設分野に特化した省エネ改修事業を行っており、そのリニューアル技術を活かしホームユース向けに低コスト・環境配慮型のリフォーム事業を行っている。
自動車部品・カー用品製造業界の会社,愛知県に事務所を構え、自動車部品の製造などを行っている。
高齢者向け福祉業界の会社,食事や排泄等の介助を行う訪問介護サービスや、家庭の状況に応じたサービス計画を建てる居宅介護支援サービスを提供する。また、デイサービスや、デイサービスとショートステイ等を組み合わせた複合サービスである小規模多機能型居宅介護も提供する。その他、有料老人ホーム「いよ路ほーむ」の運営等も手掛ける。
自動車部品・カー用品製造業界の会社,タイヤなどの販売や車両の修理を行う会社である。また、カーサービスの一環として、ボディ磨きやエンジンや車内のクリーニングを提供する。ならびに、光触媒チタンコートや撥水ガラスコートなどの施工にも携わる。その他、自動車に関連する商品の開発なども行う。
ホテル・旅館業界の会社,北海道函館市を拠点に、全国にビジネスホテルやリゾートホテルを22店舗、展開している。公式サイトからの予約をベストレート保証しているのが特徴。宴会場も備えている。また、英語・中国語や韓国語およびベトナム語に対応しているのが強み。
タクシー業界の会社,第一交通産業グループに属するタクシー会社である。ハイブリット車を含めた営業車両を保有する。
タクシー業界の会社,東都自動車グループのタクシー部門である会社。東京都内に複数の営業所を構え、うち足立区の営業所は構内にLPGスタンドを有している。また、禁煙タクシー車やハイグレード車を導入していることが特徴である。
ホテル・旅館業界の会社,天然温泉と露天風呂を備えた宿泊施設「紋別プリンスホテル」の運営を行う。また、カニ料理を提供するレストラン「かに屋」を併設。客室はツインルームや和室、ダブルルームなどシーンに合わせて利用可能。宴会や法要にも対応する。
タクシー業界の会社,東京都足立区を拠点にタクシー業を行う。
美容サロン業界の会社,カットや縮毛矯正、パーマやカラーなどを行う美容院「VOICE」の運営を手掛ける。
高齢者向け福祉業界の会社,介護保険を適応させる為に必要なケアプランを制作する会社で、主に在宅介護の支援を行っている。単独型の居宅介護支援事業所であることを強みとしている。藤沢市や横浜市、川崎市などの地域に対応。
居住用リフォーム業界の会社,住宅の新築工事や、水回りやエクステリアなどのリフォーム工事を行う。また、サッシや網戸の製造および施工も手掛ける。さらに、郵便局や賃貸住宅などの新築工事や学校の改修工事などの建築にも対応。その他、スロープや点検ハッチの設置などの法人向けの工事や、太陽光発電設置工事にも対応。
美容サロン業界の会社,岩手県内で複数の理容室や美容院の運営を行う。子供から大人まで幅広い年齢層を対象にカットやカラー、パーマなどのサービスを提供。また、女性向けのレディースシェーブサービスやヘッドスパサービス提供にも携わる。
高齢者向け福祉業界の会社,住宅型有料老人ホーム及びデイサービスセンターの運営を手掛ける。主に利用者の健康管理や生活の介助、およびレク開催や機能訓練指導等を担っている。また、多数のリハビリ器具を備えるほか、車イスやベッドなどの介護用品の無料レンタルも行う。その他、認知症や透析患者、および生活保護受給者などによる施設利用にも対応。
Webサービス・アプリ運営業界の会社,エンタメ系や教育系、音楽系のスマートフォンアプリの開発、スタンプコンテンツ配信事業などを手掛けている。また、各種キャリアに対応した待ち受けや壁紙も提供する。さらに、Webサイトに関するデータ分析や企画、デザインおよび構築や運用に加えて、アプリの開発なども請け負う。その他、広告代理業を展開し、メディア広告も取り扱う。
タクシー業界の会社,鹿児島県鹿児島市にてタクシー運行を手掛けている。また、観光タクシーの運行も行い、アルファードなどの大型車両を用いるのが特徴。その他に、配車アプリ「全国タクシー」によるタクシー配車サービスも請け負う。
警備業界の会社,大阪府堺市を拠点に、列車見張や交通誘導および雑踏警備などを手掛けている。また、駐車場出入警備やイベント雑踏警備、常駐警備にも対応。その他にも、重機誘導や踏切監視などにも携わる。
Webサービス・アプリ運営業界の会社,インターネットサービスを活用し、実店舗へと誘導させる集客や販売支援の手法として「GMOおみせアプリ」などのサービスを提供する。またWebサイトの制作サービスや保守や管理の代行サービス、SEO対策なども手掛ける。ビジネスフォンや複合機、ネットワークセキュリティ等の提供や施工にも携わる。
ホテル・旅館業界の会社,福岡県朝倉市を拠点に、温泉旅館の運営を手掛ける。アルカリ単純源泉と硫黄泉の2種類の泉質が含まれる温泉を持つことが特徴。
ホテル・旅館業界の会社,「ホテルキャッスルプラザ」「明石キャッスルホテル」「ホテル・ロッジ舞洲」のホテル経営を行なっている。併設されている結婚式会場やレストラン経営も手掛ける。ホテル経営で培ったノウハウを活かし、企業内の社員食堂の運営など幅広い分野の事業に取り組む。
タクシー業界の会社,主にタクシーの配車および運行を行っている。介護タクシーとして、車椅子ごとタクシーに乗車可能な福祉車両を所有する点が特徴。また、観光地を巡るツアーも企画しており、観光タクシーの運行も手掛ける。
自動車部品・カー用品製造業界の会社,自動車関連の工業用ファスナーや工業用プラスチック製品の製造および販売を手掛けている。また、フューエルフィルターやオイルフィルター、エバポチューブなど燃料系部品の製造にも対応する。他に、形状記憶合金ばねなど住設部品の製造も行う。
ゴルフ場業界の会社,ゴルフ場「和木ゴルフ倶楽部」の運営を手掛ける他、同敷地内でレッスン場の「蜂ヶ峯ゴルフガーデン」の運営も行う。300ヤードの練習場やバンカー練習場などが併設されている。また、その他ゴルフスクール「ブリヂストンゴルフアカデミー」を開講する。
自動車部品・カー用品製造業界の会社,自動車のLEDヘッドランプやディスチャージヘッドランプの製造および卸売を行っている。その他、リアコンビネーションランプやハロゲンヘッドランプを取り扱う。
水産物食品専門商社業界の会社,静岡県焼津港を拠点に水産物の卸売りや、冷凍保管および製造加工を手掛ける。クロマグロをはじめとしてメバチ、キハダなどの魚を取り扱う。その他倉庫業や貨物自動車運送事業に対応する。
食品店業界の会社,食品店「生田フード」やオーガニック食材、および無添加商品などを取り扱う食品店「ナゴヤ キッチュ エ ビオ」の運営を手掛けている。
Webサービス・アプリ運営業界の会社,世界中の映画情報を提供する総合映画情報サイト「映画.com」の運営を行う。映画ニュースを配信するほか、作品データベースや人物情報、或いは全国の映画館の上映スケジュールなどの情報提供を手掛ける。また、興行ランキングや評論家のコラムなどの映画に関する話題も提供している。
高齢者向け福祉業界の会社,訪問介護や居宅介護支援を手掛ける介護支援施設「ひのきヘルパーセンター」を運営を行っている。要介護者の日常生活の介助から生活支援までのサポートを請け負う。
居住用リフォーム業界の会社,建物の外壁調査や、補修工事・建物解体に伴う仮設足場取付業務を主に手掛ける会社。また、重機を使う根切りなどの土木工事や、電気設備・空調設備取付・配線などの電気工事も行う。その他建設に関わる雑工事も取り扱っている。
居住用リフォーム業界の会社,光触媒塗料による外壁塗装工事や太陽光発電システムの販売および施工を手掛ける。また、一般住宅やマンションの防水工事や屋根工事などのリフォーム施工から、ガレージの増設工事まで対応する。その他、中古戸建の販売なども担う。
タクシー業界の会社,千葉県にてタクシー事業を手掛ける。なお、全車両にカーナビ及びドライブレコーダー等の防犯装備、カード決済機をを有している。その他、法人向けにmyタクシーチケットの利用も可能。myタクシーグループの企業の一つである。
警備業界の会社,市役所を始めとする公共施設や老人ホーム、および場外舟券売り場などでの施設警備を請け負う。また、祭典や音楽祭、およびアイアンマンレースなどのイベント警備を実施。その他、建築工事や土木工事、および道路工事などでの交通誘導警備に携わる。
ホテル・旅館業界の会社,山形県上山市で全室離れ風のリゾートホテルの運営を行う。露天風呂付和風の客室やワインセラー、ヨガルームや山形の工芸品などを展示するギャラリーなどの施設も備える。山形空港で県の食材を使った料理等を提供する「名月荘エアーポートキッチン」の運営も手掛けている。
水産物食品専門商社業界の会社,鰹や鰹節などの製造や卸売、および宣伝に関する事業を手掛けている。また、鰹や鰹節、南薩摩の土産物などの販売も行う。
ホテル・旅館業界の会社,麻生グループに属し、「のがみプレジデントホテル」の運営を手掛ける。館内にて、中国料理店や和食処などのレストランの運営も行う。その他、婚礼に関する衣装の貸出を行う店舗「衣裳扇華」の運営も担う。
医療機器・実験機器メーカー業界の会社,診察台や内診室機器などの産婦人科用機器のほか、保育器などの新生児機器や小児用機器の製造、販売を手掛ける。また、輸液用機器や呼吸療法用機器などの製造も行う。主な製品として「メグジョイEX」「デュアルインキュi」等が挙げられる。医用ディスポーザブル製品も取り扱うほか、各製品の保守メンテナンスにも対応する。
警備業界の会社,首都高速道路の交通事故や交通障害について、24時間体制で管制業務や巡回業務をしている会社。関係機関との連携の上、違反車両の取り締まりも行う。首都高が安全で円滑な走行ができるよう、レッカー車などの特殊車両やバイク隊での巡回などを手掛ける。
ホテル・旅館業界の会社,ホテル「プレジデントホテル博多」の運営を手掛ける。女性優先フロアを設けている点を特徴とし、朝食付きプランなど各種宿泊プランを提供。また、ホテル内には和食を提供する和創作呑処「緩音」が併設されている。
金属部品製造業界の会社,金属製品の製造を行なっており、主に六角ボルトやワッシャー付ボルト等の締結用の部品の製造をを行なっている。商品の製造は主に圧造加工・プレス加工・切削加工等の加工法を用いているのが特徴。また、特殊六角ボルトや特殊シャフトなどの受注製造にも対応している。
警備業界の会社,滋賀を中心に、関西でイベント警備や施設警備、道路工事や建築現場等の交通誘導警備等の各種警備業務を行っている。びわ湖大花火大会やイナズマロックフェス、鳥人間コンテストなどで警備を行った実績がある。施設警備については、出入管理や巡回以外に施設管理に関する付帯業務にも対応。
居酒屋・バー業界の会社,愛知及び関東地域に刺身やもつ鍋、手羽先などの名古屋名物を提供する居酒屋「いけす鶴八」および「みつえもん」を展開している。店内に巨大ないけすを持つことを特徴とし、注文を受けてから刺身を捌く。
警備業界の会社,施設・店舗の巡回警備やイベント会場での警備、および土木現場などにおける交通誘導警備を行っている。また、政財界人やタレントといった個人の身辺警護も手掛ける。その他、警備計画や効率化プランの提案にも対応。
高齢者向け福祉業界の会社,高齢者住宅「ケアビレッジ日立」「ケアビレッジ池の川」「あじさい苑」などを運営している。また、デイサービスや訪問介護、居宅介護支援なども手掛ける。
自動車部品・カー用品製造業界の会社,栃木県足利市にて、ハンドブレーキの握り部分など自動車の内装付属部品の組立てや縫製を行う。
ホテル・旅館業界の会社,複合施設「仙台サンプラザ」の運営を行っている。施設内に仙台サンプラザホテルを運営するほか、各階に多目的ホールを併設しており、宴会や会議、展示会などの用途として貸出しを行う。その他、レストラン「サンパステル」などを併設している。
高齢者向け福祉業界の会社,グループホーム「グループホーム ハイブリッジ」「グループホーム カトレア」「グループホーム メジロ苑」の運営を行う。認知症患者に対応するほか、介護計画の作成も請け負う点が特徴。
自動車部品・カー用品製造業界の会社,矢崎グループの子会社であり、自動車に必要な電線や情報回路を束ねたワイヤーハーネスの設計と製造を手掛ける。主な納品先として国内および海外の自動車メーカーなどが挙げられる。自動電線切断端子圧着機や自動端子挿入機および組立コンベアを用いた一貫ラインで生産を行う。
高齢者向け福祉業界の会社,デイサービスセンター及びグループホーム、さらに居宅介護支援事業所としての機能を持つ「あすなろホーム」の運営を行っている会社である。また、特別養護老人ホーム「あすなろの郷」も運営する。
高齢者向け福祉業界の会社,函館市において、訪問介護やデイサービスを手掛ける。また、障害者・高齢者向け住宅の企画および運営も行う。
中古車販売業界の会社,「軽自動車専門店 くるま市」の運営を行っており、新車や中古車の販売および買取りを手掛ける。また、車検や修理および板金など整備メンテナンスを実施する。その他、カーリース業や保険代理業も展開する。
ホテル・旅館業界の会社,神奈川県逗子と三浦半島南端にリゾート施設を展開しており、ハーバー運営やレストラン経営および結婚式運営などのマリーナ事業を行う。リゾートマンションを中心とした不動産の売買や賃貸の仲介およびハウスクリーニングやリフォーム業務も手がける。そのほか、ヨットやボートの販売も手掛ける。
人材紹介業界の会社,新潟県を中心に、新卒採用および中途採用支援を行っている。就職サイト「にいがた就職応援団ナビ」の運営の他、就職イベントを定期的に開催する。適正検査や教育ツールも扱う。その他、企業に対し人材育成のための教育研修や、組織活性化の支援を手掛ける。さらに、Webサイト制作などの広報支援および活動支援も行う。
ホテル・旅館業界の会社,シティホテル「レンブラントホテル大分」の運営を行う。また、施設内の宴会場やブッフェダイニング＆カフェ「フォーリーフガーデン」等の運営も手掛ける。
自動車部品・カー用品製造業界の会社,買取りした廃車を解体し、再利用できる部品の再生や販売を行うほか、自社の板金塗装工場で修復した中古車の販売を手掛ける。また、「エコアールDS館」を併設し、新品や中古のカー用品及び再生カー用品の販売を行うほか、各種ピットサービスなども提供している。その他、Webサイトでのカー用品の販売も行う。
居住用リフォーム業界の会社,外壁や屋根などの塗装工事を手がける。外壁塗装では、足場架設、高圧洗浄や下地処理及び養生を行う。また、屋根塗装、土木工事や管工事などにも対応する。
美容サロン業界の会社,茨城県北茨城市を中心に「ヘアーサロンSUN」を運営している。また、ショッピングモールに「ヘアーデザインSUN」も展開している。
水産物食品専門商社業界の会社,主に広島市中央卸売市場にて、鮮魚や貝類などの水産物の卸売を手掛ける。全国で水揚げされる鯵や鯖などの天然魚ならびに養殖魚を取り扱う。さらに、冷凍食品やイカや貝類などの加工食品および輸入魚などの卸売も展開する。
タクシー業界の会社,一般タクシーを始め観光タクシー、及び介護タクシーの運行を行っている。
美容サロン業界の会社,都内を中心に展開している美容室「ZA/ZA」の店舗運営及びスタッフの育成を行っている。通常のヘアカットだけでなく、ネイル施術にも対応。また、エステサロンではブライダルエステも手掛けている。さらに、雑誌等でのヘアメイクや国内外のヘアショーも行う。
ホテル・旅館業界の会社,ANAグループの傘下である「ANAクラウンプラザホテル岡山」を経営している。宿泊、レストランの他に、各種宴会やウェディングも行っている。宿泊には、ビジネスプランやANA会員プラン、観光グルメプランなどがある。
高齢者向け福祉業界の会社,熊本県菊池市にある住宅型有料老人ホーム「ノアズアーク」を運営している。デイサービスセンターNoahとヘルパーステーションNoahを併設し、通所介護と訪問介護サービスを提供。また、同敷地内に「乗馬クラブ」や「癒しのカフェNoah」も併設されている。
マンション・アパート賃貸業界の会社,不動産の賃貸事業を手がけている。物件は、アパートやマンション等の集合住宅を中心としており、学生の下宿向け物件やウィークリーマンションなども取り扱っていることが特徴。また、グループホーム運営や訪問介護などの介護事業や、ビジネスホテル事業などを行う。
高齢者向け福祉業界の会社,デイサービスセンターや介護付有料老人ホーム「元気の郷」の運営を行う。また、居宅介護支援や訪問介護なども手掛ける。その他、受診介助や病院への送迎、買い物及び散歩への動向などのサービスも提供。さらに、ドライブへの同行や公共料金の支払い代行などにも対応。
金属部品製造業界の会社,測定治具やパレットおよびアームなど精密機器器具や治具の製造を手掛けている。主に、鋼材やステンレスならびに樹脂、チタンなどの材質を取り扱う。その他にも、旋盤加工やマシニング加工に対応するほか、研究材料試験品の製造に対応。
金属部品製造業界の会社,溶解や精錬から機械加工までを一貫して行い、発電機用のモーターやバルブの他、船舶用のエンジンなどの製造を手がける。また、油田採掘など腐食性の物質に適応した｢スーパー二相系ステンレス鋼｣を独自に開発した技術によって製造している。
警備業界の会社,交通警備やイベントでの雑踏警備、商業施設およびオフィスビルなどの施設で常駐警備を行う。さらに、私服スタッフによる保安警備や、要人向けの身辺警備などを手掛ける。その他、ベトナム人技術者紹介事業やベトナム進出支援にも携わる。
高齢者向け福祉業界の会社,「ウィル訪問看護ステーション」を運営し、カテーテル管理や輸液交換など医療的管理を含めた訪問介護を提供する。また、がんおよびその他の終末期や認知症、高齢者世帯、小児難病すべてに対応する。その他、「OMAHA SYSTEM」を用いたケアの見える化を行う。
人材紹介業界の会社,広島県広島市内を中心に、人材派遣サービスや人材紹介サービスを主に行う。部品および食品製造の補助作業や一般および営業事務の他、送迎ドライバー等を派遣する。業務内容のネット見学が可能であるのが特徴。
高齢者向け福祉業界の会社,小規模多機能型居宅介護事業所「よつば」を運営している。訪問サービスや宿泊サービスなどの介護サービスを提供。加えて、介護全般の相談やケアプラン作成などを行うケアマネジメントサービスを手掛ける。また、デイサービス「りんどう」老人ホーム「もみじ」グループホーム「まつかさ園」の運営を担う。
Webサービス・アプリ運営業界の会社,FXや株式投資を体験型で学習できるアプリの運営を行っている。マネープランシミュレーションアプリ「トウシカ」や株取引を体感するアプリ「株たす」などを運営。また、広告配信やアプリ開発などのマーケティング支援なども手掛ける。
ゴルフ場業界の会社,茨城県牛久市にて、ゴルフ場「金乃台カントリークラブ」を運営する。
マンション・アパート賃貸業界の会社,デザイナー物件と呼ばれる物件の賃貸や売買を行う会社。アパートやマンション、戸建ておよび事務所の賃貸や、土地、中古戸建のほか中古マンションの売買などを取り扱う。一級建築士の建築家に、賃貸集合住宅から個人住宅、オフィスなどの企画・工事管理まで、総合的に相談することも可能。
食品店業界の会社,大福などの和菓子やロールケーキなどの洋菓子を販売する「霧島菓子処 森三」を運営する。各商品の通信販売も手掛ける。
高齢者向け福祉業界の会社,「住宅型有料老人ホームメープルコートまつばら」、「住宅型有料老人ホームメープルコートあまみ」の運営を手掛ける。また、入居施設での介護や、訪問介護および訪問看護も行う。その他、福祉用具レンタルにも対応。
人材紹介業界の会社,企業の経営戦略・人事戦略に沿った提案・人材紹介を行う会社であり、ヘッドハンティングやエグゼクティブリサーチを行っている。ヘッドハンティングの過去3年の成功率は93％、定着率は97％と高い業績を残していることが強みである。定年退職したシニアの人材活用にも力を入れている。
高齢者向け福祉業界の会社,老人福祉や介護事業を行い、訪問介護や居宅介護支援、通所支援および訪問看護などを手掛ける。また、「デイサービス スマイルケア」で理学療法士やマッサージ師によるリハビリテーションやエアロバイクおよびセラバンドなども行う。
高齢者向け福祉業界の会社,株式会社アシックスの子会社として、兵庫県神戸市を拠点に機能訓練特化型デイサービス施設「Tryus」の運営を手掛け、リハビリや運動プログラムの提供に携わる。機能訓練指導員や看護師が常駐しサポートにあたる点が特徴。
タクシー業界の会社,相模交通株式会社との共同配車センターを運営し、藤沢市、大和市、綾瀬市に配車可能なタクシーを2018年現在32台保有。その内、2台は通常のタクシーと同じ料金で利用可能なユニバーサルデザインタクシーである。また、子育て支援や陣痛や通院などの際の送迎にも対応している。
自動車部品・カー用品製造業界の会社,KYB株式会社の子会社に位置し、主に自動車部品の油圧ベーンポンプの加工・製造を行う。パワーステアリング及び無段変速機の作動油を加圧するベーンポンプを主力製品としている。その他、スタブシャフトなどEPS用部品加工を手掛ける。
高齢者向け福祉業界の会社,介護職員や生活相談員などによる健康チェックやレクレーションなどのデイサービス支援を行う。また、グループホームも運営しており、高齢者の介護支援も実施している。他にも、配食サービスや、リハビリテーションや介護タクシーの営業なども手掛けている。
警備業界の会社,主に機械警備や施設警備を行っている。また、作業現場道路及び駐車場等で交通誘導警備も行う。その他、夜間の公園を巡回する防犯パトロールの役割も担っており、個人向けにはホームセキュリティサービスも実施している。
金属部品製造業界の会社,車載機器やモバイル機器および産業機械などの、プレス加工による金属部品の製造を行う。また、スポット加工やタップ加工およびカシメ加工などの金属加工も手掛ける。さらに、金型の製作にも対応する点が特徴。
ゴルフ場業界の会社,埼玉県さいたま市にて、「大宮国際カントリークラブ」の運営を手掛ける。また、ゴルフ用品の販売およびレストランの運営を行う。
水産物食品専門商社業界の会社,魚介類の仕入れを行い、量販店や百貨店などに卸売を手掛ける。また、大阪産しらすや国産真サバ、養殖マダイの加工にも対応する。その他、養殖トラフグやノルウェーサーモンなども取り扱う。自社ECサイトやYahoo!ショッピングでの一般消費者向けの販売にも対応する。
医療機器・実験機器メーカー業界の会社,採血用の針や溶解液注入針などの注射針をはじめ、フィルター付き輸液セットやガイドワイヤ等の製造を行う。さらに脊椎液の採取などに用いるスパイナル針や人工授精用カテーテルのニプロAIHキャスの製造にも対応する。
警備業界の会社,防災監視盤などから24時間遠隔監視を行う機械警備や、常駐警備などの警備業を展開している。また、道路工事現場などでの交通誘導や、万引き対策などの保安警備にも取り組む。その他、不法入場者の確認などを行う巡回警備や、駐車場管理などを担っている。
高齢者向け福祉業界の会社,老人介護施設「けあらいふ」やデイサービスセンター「せっしょん」の運営および福祉用具のレンタルや販売を行っている。また、旅行の手配「厚友会トラベル」及び市役所や病院などで売店を運営。その他にレストラン「ななかまど」「はなさき」「シンフォニー」などの運営を行う。
金属部品製造業界の会社,ロボットおよびOA機器や電子機器、医療機器や工作機械、制御盤などの精密板金部品の製造を行う。また、板金試作部品の製作やプレス加工も手掛ける。その他にも、アルミやステンレスの特殊溶接加工やレーザー切断およびレーザー溶接にも対応する。
高齢者向け福祉業界の会社,デイサービス｢おもてなしハイジ｣などの運営を行う。また、居宅介護支援や訪問介護も担っている。その他、移動用リフトや車いすなど福祉用具のレンタルや販売を手掛ける。
高齢者向け福祉業界の会社,高齢者総合福祉施設「ひいらぎの里」の運営を手掛けており、認知性対応型グループホームや入浴や食事、レクリエーションならびに機能回復訓練を行う。また、居宅介護支援事業や、訪問介護事業ならびに、通所介護事業なども請け負う。
タクシー業界の会社,タクシーやバス事業を行う飛鳥交通グループのグループ会社として、埼玉県越谷市にて「越谷営業所」の運営を手掛ける。
美容サロン業界の会社,奈良を中心に、京都および大阪にも店舗を構え、美容室の経営を主な事業としている会社。美容室に併設されたものも含め、ネイルサロンやアイサロン、スパも手掛けている。また、京都の街中での写真撮影への出張なども展開中。
高齢者向け福祉業界の会社,入浴や排泄および食事など生活機能の機能訓練を行う施設を運営する。また、身体機能や生活機能の訓練を行う通所介護施設｢デイサービスセンターほほえみ｣も運営。また、医療機関の定期受診の送迎および付添いなども行っている。
自動車部品・カー用品製造業界の会社,株式会社イエローハットの連結子会社で、自動車用品の販売および取付を手掛ける。また、タイヤ交換やオイル交換などの車の整備や点検およびメンテナンスも請け負う。
高齢者向け福祉業界の会社,グループホーム「グループほーむ はくい 楓の家」や小規模多機能型介護施設「ケアほーむ 楓の家」などの運営を行う。食事や入浴の介助を手掛ける。
金属部品製造業界の会社,パワーショベルやフォークリフトといった建設・産業機械の部品加工および製造を行う。また、建設機械や産業車両の改造並びに特殊車両の車検・整備を請負うほか、新車・中古車の販売も行う。その他、下水道菅維持管理ロボット「メカモグ」や、ダイオキシン対応小型高性能焼却炉などの環境関連機器の設計・開発も行っている。
警備業界の会社,事業所や各種施設の警備業務や事故防止に携わり、盗難や火災等の防止や担当区域の巡回チェックを行う。また建設現場や道路工事等での車両や歩行者の交通誘導や安全運用を遂行する。他に花火大会やコンサート等のイベント行事における案内サービスや交通誘導にも対応する。
高齢者向け福祉業界の会社,住宅型有料老人ホーム「リアン瀬古東」「リアン一つ山」「リアン一宮牛野通」を運営している。老人ホームは全室個室で、通所介護を併設する。また、訪問介護や訪問看護による居宅での介護支援も手掛けている。
Webサービス・アプリ運営業界の会社,アプリケーションなどをデバックや外形監視、モニタリングできるプラットフォームの運営を行う。また、ログ管理やインフラ監視なども行える点が特徴。
ゴルフ場業界の会社,全27コースで構成されるゴルフクラブ「烏山城カントリークラブ」の運営を行う。クラブハウスやレストランの設置に合わせ、温泉施設や練習場も完備されており、プレーヤー重視の施設が用意されていることを強みとする。
美容サロン業界の会社,美容室「L’Amour」やカット専門店「Cut hair」、ヘアカラー専門店「Color Hair」のなどの運営を手掛ける。
居酒屋・バー業界の会社,静岡県にて居酒屋を7店舗経営する。運営店舗は「うお鶏」や「鶏菜」、「ごっつぁんです」、「串ぐろ」の4つがある。それぞれの店舗では、銘柄鶏や新鮮な魚を強みとしている。「うお鶏」、「鶏菜」や「串ぐろ」では、完全個室を備えている。
金属部品製造業界の会社,自動車部品用のプレス金型や治具工具等の設計、製造を主に行う。収容取引先として、三菱自動車株式会社、株式会社クボタなどがある。
居酒屋・バー業界の会社,「大衆居食家 しょうき」という居酒屋を福岡県内に有し、運営を行う。主なメニューには「刺身枡盛り」や「秘伝の手羽唐」「ひとくち餃子」などがある。また、「まぐろ鉄火丼とちくわの磯辺揚げ」などを使った季節替わり定食やイチオシ定食をランチとして提供することが特徴。
タクシー業界の会社,中型車でのタクシー運行や、車いすや大きな荷物などに対応可能なユニバーサルデザインタクシーでのタクシー運行を行っている。乗降をサポートするステップや手すりを装備している。また、車両にカーナビやドライブレコーダ、防犯カメラを設置していることが特徴。
タクシー業界の会社,大和自動車交通株式会社の関連会社で、タクシーや福祉ハイヤーの運行を手掛けている。
金属部品製造業界の会社,LED照明器具部品や厨房機器部品、住宅用金物部品、台車部品などの金属加工による製造を手掛ける。また、金型の設計および製作を請け負う。その他、浴室用建材の製造や、冷延鋼板やカラー鋼板など金属プレス加工品を製作。
高齢者向け福祉業界の会社,訪問看護リハビリステーション「あわーず」や居宅介護支援ステーション「あわーず」などの運営を行っている。また有料老人ホームなどの施設に訪問し健康管理や体操教室、病後ケアの助言やリハビリ状況への助言などの看護も手掛ける。
警備業界の会社,交通誘導警備や施設警備、駐車場警備を主に行っている。施設警備ではあらかじめ設置された防災・防犯などの機器を監視し、事故発生を防止。どのような非常事態にも対処できる機動力を発揮できるよう訓練している。他にも、マンション管理組合のサポートや、設備管理から清掃まで総合的にサポートしている。
自動車部品・カー用品製造業界の会社,自動車用電子装置の製造などを手掛ける。また、生活家電や産業機器の開発や製造などにも取り組む。
保険代理店業界の会社,関西を中心に生命保険および損害保険の代理販売を手掛ける。
ゴルフ場業界の会社,株式会社九電工の関連会社で、観光部門を担っている。佐賀市にゴルフ場を所有。2ペントグリーンを採用したコースのため、1年を通してのプレーが可能。様々なコンペを行っており、食をメインとしたものや男女ペアでのラウンドなどを開催する。
居酒屋・バー業界の会社,手羽先唐揚げや串揚げなどを提供する居酒屋「てば壱」や回転すし「廻転とやま鮨」を運営する。またビストロやワインを提供する「オリエンタルビストロ アガリコ」や肉料理中心の「ビストロ デュ マルシェゴッツォーネ」も運営する。この他「ボンジュールSAKATA」や焼肉「牛角」も手掛ける。
水産物食品専門商社業界の会社,愛知県名古屋市において、山文グループのグループ会社として水産物の卸売や仲卸を行う。
自動車部品・カー用品製造業界の会社,愛知県名古屋市において、自動車の純正部品や純正用品の開発を行う。主な開発製品として、本木部品やホイール、ならびにフロアマットやセキュリティー用品などを取り扱っている。
金属部品製造業界の会社,ベアリングメーカーに向け、保持器及びそのプレス金型の製造を行なっている。ロッカーアーム等の自動車部品や、建設機械用保持器及び車両用保持器等の生産に対応。中西金属工業株式会社のグループ会社である。
医療機器・実験機器メーカー業界の会社,エアウォーター株式会社の子会社であり、医療用酸素濃縮装置や汎用輸液ポンプ等を中心に、医療機器の開発や製造、修理や保守を行う。主な製品として、在宅酸素療法用の酸素濃縮装置「O2グリーンいぶき」等の製品がある。
自動車部品・カー用品製造業界の会社,自動車照明や電子機器製品などの自動車電装品の製造を行っている。製品が使用されている主な製品は「ハイマウントストラップランプ」「イルミネーションライト」などである。自動車用ランプや電子機器製品およびその周辺製品を供給している。
人材紹介業界の会社,理系学生および中途人材と直接やり取りが可能な人材採用サービス「LabBase」「LabBase＋」の提供を行う。また、理系学生向けのオンラインイベントサービス「LabBase Now」の運営も手掛ける。
美容サロン業界の会社,ヘアサロン「LOAVE」を経営している。ヘアサロンは青山店と表参道店の２店舗展開。他にもネイルサロンおよびアイラッシュサロンの経営も行う。ファッション雑誌などのヘアメイクを担当するスタイリストも多数在籍している。
高齢者向け福祉業界の会社,大阪府・京都府・兵庫県・愛知県・福岡県など8ヶ所に訪問看護・リハビリ拠点「ぴ～す」を展開。訪問介護事業・機能訓練型デイサービス事業・訪問歯科サポート事業において、看護師・助産師・歯科医師などが自宅訪問してサービスを提供する。
タクシー業界の会社,沖縄県沖縄市にて、タクシーサービスを手掛ける。
警備業界の会社,主に、名古屋高速道路や新東名高速道路などでの警備や規制、軽作業および保安業務を手掛ける。また、看板・コーンの設置や交通規制などの業務も行う。その他、とび・土工工事も行っている。
塾・受験予備校業界の会社,神奈川県において小中学生や高校生を対象とした学習塾の運営を行っており、高校受験コースや大学受験コースを展開。また、「Hi-STEP」コースにおいて、公立・国私立難関校の受験対策を行う他、個別指導にも対応している。その他、小学生1年生から4年生を対象に学童保育の運営を行っており、学習や運動、将棋などのプログラムを提供する。加えて、保育施設の運営、教材などの原稿および原版の製作、教材の印刷・製本・配送などにも対応する。
Webサービス・アプリ運営業界の会社,国内外のニュース速報をいち早く検知・配信する速報エンジンである「FASTALERT」サービスを提供する会社。共同通信やNHKなどに情報提供を行っている。また、自動ニュース編集・作成サービス「XWire」で、湘南ベルマーレTwitterや産経プラスのツイートや記事を自動作成している。
居酒屋・バー業界の会社,焼き鳥や牛モツ鍋などを提供する焼き鳥店「山長」「いっちゃん」の運営を手掛ける。また、宴会での利用に対応する。その他、蕎麦とカレーを提供する蕎麦店「立来」の運営も行う。
自動車部品・カー用品製造業界の会社,愛知県刈谷市にて、自動車部品および自動車用品の製造を行っている。
高齢者向け福祉業界の会社,通いと宿泊、訪問の3つを組み合わたサービスを提供する、小規模多機能型居宅介護施設「ぼやあ樹」の運営を行っている。24時間365日対応可能な他、施設には専属の看護師がおり、看取りまで行える医療連携体制をもつことが特徴。また、「シェルパ横浜」にて、福祉用具のレンタルサービスを実施する。
高齢者向け福祉業界の会社,東京及び千葉で、居宅介護支援事業所「まごころケアマネジャー事務所」「まごころ葛西」などを運営する。ケアマネジャーが介護全般の相談に応じ、ケアプランの作成を行う。また、ケアマネジャー向け研修を行っており、社内だけではなく社外のケアマネジャーに対しても研修を行っている。
高齢者向け福祉業界の会社,有料老人ホームやデイサービスなど、高齢者向けの福祉施設や福祉サービスの提供や運営を行う。訪問介護や居宅介護支援を手掛ける。他にも認知症の方向けのグループホームや居宅介護支援にも対応する。
Webサービス・アプリ運営業界の会社,レジャー施設などのマーケットプレイスを運営。また、レジャー施設のオンライン予約やチケット販売や、観光商品の販売管理や顧客分析などをサポートするERPシステムを開発している。その他、施設の集客効果の最大化や、業務オペレーションの改善、観光消費の拡大施策などのコンサルティングを行う。
自動車部品・カー用品製造業界の会社,「イエローハット」の運営を行い、愛知と岐阜を中心に店舗展開を行う。主な事業として、カー用品の販売をはじめ、タイヤ・エンジンオイル等の交換、車検や定期点検等の自動車整備等が挙げられる。
高齢者向け福祉業界の会社,都内を中心に、少人数制のデイサービス事業やリハビリデイサービス事業を展開している会社。また、介護相談センターの運営も行っており、介護支援専門員が要介護申請の手続きの代行や、要介護者の心身の状況に合わせたケアプランを作成したりしている。
ホテル・旅館業界の会社,有馬温泉にて、温泉旅館「御幸荘花結び」の運営を行う。露天風呂付き客室を設けているほか、四季の食材を使用した会席料理のほか、かぶと焼きやステーキ、蕎麦などの特別メニューを提供している点が特徴。
Webサービス・アプリ運営業界の会社,主に生活情報サイト「michill」やスタートページ「E START」など一般向けWebサイト運営を行っている。また「黄金爆走！デコトラ★トーナメント」などのゲームアプリ開発、提供も手掛ける。その他、企業向けにはポータルサイトの検索結果へ広告を出せる検索連動型広告「JWord」の運営を行っている。
ホテル・旅館業界の会社,各種グルメコース等を提供する高知県の旅館「城西館」を運営する。またパーティーの企画から演出まで行い、自宅キッチンにシェフが出張調理するパーティーケータリングを展開する。また館内にチャペルが有りウエディング事業も手掛けている。
警備業界の会社,雑踏警備やイベント時の警備、施設警備などの総合警備業を行っている。また、新築マンションの工事現場での警備ゲート管理や、車両の誘導なども手掛ける。
タクシー業界の会社,主に、観光タクシー業や代行運転などを行い、短時間の観光や長時間の観光コースに対応したサービスを提供している。また、外国人向けの多言語通訳サービスや高齢者割引および長距離割引等のサービスにも対応。
人材紹介業界の会社,人材派遣や業務請負、有料職業紹介等の人材紹介を手掛ける。また、求人情報サイト「徳島派遣net」を運営し、求職者向けにキャリアカウンセリングやビジネスマナー研修等も実施。その他、個別指導塾の「スクールIE」を運営する。
ホテル・旅館業界の会社,「ホテルJALシティ宮崎」を運営し、レストランや宴会場を備える。また、駐車場「うえまつパーキング」の運営も行う。その他、不動産の売買や賃貸の仲介およびリースも手掛ける。
ゴルフ場業界の会社,ゴルフ場「錦山カントリークラブ」の運営を手掛ける。通常のコースプレイのほか昼スタートで割安の「薄暮セルフプレー」の提供も行う。また、男女別のクラブセットやシューズのレンタルにも対応。その他、同ゴルフ場内において「レストラン錦山」も運営する。
マンション・アパート賃貸業界の会社,松山市でマンションやアパートなどの不動産賃貸事業を行う。ペット飼育の可能な物件や単身向け物件および保証人がいなくても借りることが可能な物件などを取り扱っている。また、カスタマイズ賃貸などの物件も取り扱う。
塾・受験予備校業界の会社,株式会社KATEKYOグループの子会社の一つであり、福島地区のKATEKYO学院運営を手掛ける。小中学生や高校生および既卒生を対象に個別指導をする。また、家庭教師を派遣し、自宅での学習指導を請負う。不登校児童を対象にした学習指導を行う点が特徴。
ホテル・旅館業界の会社,宮古島で旅行客向けにコテージの運営を行う会社である。また、外食事業として大展望レストラン「オーシャンビスタ」の運営も手掛けている。その他、ゴルフ場施設やオーシャンアクティビティ、フォトウェディングなどの運営も行う。
ゴルフ場業界の会社,ゴルフ場「箱根湖畔ゴルフコース」の運営・管理を行う会社。全18ホールのプレイコースと10打席の練習場を保有する。また、所属プロによるゴルフレッスンを受け付けている。場内にはコンペルームやレストラン、プロショップなどの施設を内蔵する。
自動車部品・カー用品製造業界の会社,栃木県内でイエローハットを運営している。ネット予約でオイル交換を24時間受け付けている他、タイヤやホイールなどのカー用品を販売。車検を始めとした自動車のメンテナンスや部品交換、塗装なども請け負う。
自動車部品・カー用品製造業界の会社,広島県呉市にて、自動車部品および用品の製造を手掛ける。
警備業界の会社,秋田県秋田市にて、交通誘導警備や雑踏警備、および施設警備などの各種警備事業を手掛けている。また、警報装置等の設置工事や各種清掃業務を行う。
警備業界の会社,建設工事や道路工事の現場やイベント会場・横断歩道などで、車両の誘導や歩行者誘導などの交通警備を行う。
ホテル・旅館業界の会社,兵庫県洲本市にて「ホテルニューアワジ」グループのリゾートホテル「夢海游 淡路島」の運営を行う。施設には、スパフロア「海音の森」や大浴場「森のSPA」がある。また、真鯛や鱧、淡路牛および淡路たまねぎ等を使用した料理を提供する。
高齢者向け福祉業界の会社,高齢者向け福祉施設「きららデイサービスセンター」「チームケアステーションきらら」「きららワークスペース」などを運営する。高齢者や障がい者向けの訪問介護サービスや相談支援サービス、送迎による通所サービスを行っている。
ホテル・旅館業界の会社,「清水グランドホテル」と「ホテルサンポート」の運営を行っている。また、「焼肉 ふじみ」や中国料理店「成都飯店」、日本料理店「雄山」などのレストラン運営も手掛ける。その他、パチンコ店「FUJIMI」の運営をも行う。
ゴルフ場業界の会社,徳島市で、ゴルフ場「徳島カントリー倶楽部」の運営を行う。施設内に、レストランや宴会場、温泉施設を備えている。
警備業界の会社,商業施設やオフィスビルなどで警備を行っている会社。管理室でのモニター監視や巡回・出入管理、及び納品口の施設常駐警備や建築現場での車両誘導警備などを手掛ける。また、歩行者案内などの雑踏警備やマラソン大会等のイベント警備なども請け負う。
高齢者向け福祉業界の会社,デイサービスセンターやグループホーム「加治川の里」「つきおか」「あらかわ」などの運営を手掛ける。また、居宅介護支援の事業所ではケアプランの作成や要介護申請等の手続きなどの相談の受付も行っている。その他にも、老人ホームでは24時間365日体制で介護サービスを行う。
人材紹介業界の会社,求人案件の紹介だけでなく、書類作成・面接対策から入社後のフォローに至るまで転職活動全般について支援を手掛ける。特に自社開発した転職活動専用アプリを活用したサポート体制に特徴がある。更には、転職活動の講習会や高校でのキャリア教育授業等、若手向けの幅広いキャリア支援活動を実施している。
自動車部品・カー用品製造業界の会社,射出成形機を使って自動車用プラスチック部品の成形を手掛ける。その他、二次加工の製造も行う。田野口駅すぐに工場を構える。
警備業界の会社,北関東エリアを中心に公共施設や学校などの常駐警備および現金輸送時等の輸送護送から、シークレットまでサービス事業などの総合警備を請け負っている。またAEDや、防犯カメラなどの防犯および防災商品の販売も手掛ける。他にも、指定管理物件の運営や保育事業も行う。
美容サロン業界の会社,美容院やネイルサロン、スパサロンを併設したトータルビューティーサロン「M.SLASH」などの店舗を展開する会社。また、ヨガ教室やフォトスタジオも運営している。
ホテル・旅館業界の会社,「熊野ビジネスホテル河上」や「新宮ホテルニューパレス」、「熊野ホテルなみ」などのビジネスホテルを運営している。また温泉大浴場を完備し、熊野産の食材を使用したコース料理を提供する大型温泉ホテル「海ひかり」を運営する。
居酒屋・バー業界の会社,もつ鍋やめんたいダシ巻きなどの料理を提供する居酒屋「博多満月」や、国産鶏を使用した料理を提供する居酒屋「全力鶏」の運営を手掛けている。また、ステーキやハンバーグを提供する「モンスターグリル」や、イタリアンバル「大衆ビストロ VACA」の運営も行う。
タクシー業界の会社,熊本県菊池郡にて、タクシーや介護タクシーの配車および運用を行っている。また、地域内で行われるイベントの送迎も請け負う。
中古車販売業界の会社,新車および中古車の車両販売や部品販売、自動車のカスタム化や修理および整備、車検などを手掛ける。また、カスタム車やアメリカ車の車検に加え、輸入代行の国内登録や自動車事故の対応なども行う。その他、レンタカーやレッカーサービスも行っている。
警備業界の会社,主に、三重県及び愛知県内において警備やビル管理を請け負う会社。警備事業は施設警備や交通誘導警備に加えて、イベント警備のサービスも提供する。また、ビル管理事業は、マンションやテナントビルの管理のほか、清掃事業も行っている。
警備業界の会社,道路工事や建設工事および土木工事の現場における交通誘導を手掛ける。また、イベントやコンサートならびに展示会などにおいて、入場整理や誘導を含む雑踏警備も行う。さらに、オフィスビルや空港に加え、商業施設や公共施設および医療施設などにおける施設警備に携わる。
高齢者向け福祉業界の会社,独り暮らしの高齢者または障害者を対象に、緊急通報システムおよびサービスを提供する。体調に不安を感じた利用者がシステムのボタンを押すことで看護師に繋がり、容体に応じて救急車要請などを行う。また、高齢者や障害者が徘徊したときに検索可能な、徘徊位置検索システムも取り扱う。
自動車部品・カー用品製造業界の会社,自動車部品や工業用部品の製造を請負っている。また、プラスチック射出成型によるプラスチック製品の製造を行う。
金属部品製造業界の会社,レーザー加工やプレス加工および溶接加工を行い、農業機械部品の製造を手掛ける。また、建設機械部品や住宅構造部品の製造にも取り組む。その他、金型や治具の製造にも携わる。
自動車部品・カー用品製造業界の会社,ナットやボルト、ブラケットなどの自動車部品や自動車用品の溶接を行う。さらに、ラバークッションなどの組み立て加工や板金仕上げにも対応。また、組み立て治具や4面溶接治具システムを用いた溶接設備の製造および販売も手掛ける。
警備業界の会社,二輪オークション施設「BDS柏の杜会場」にて、清掃業務や警備業務を請け負う。また、オークションに出展される車両の管理や入出庫の補助などのゲート業務も行う。その他、会場内外の植栽やエクステリアのメンテナンスも手掛ける。
警備業界の会社,道路工事やイベント等での交通誘導警備の他、施設内の警備や保安警備を行っている。また、店舗の看板やステッカー、オリジナルTシャツなどの制作にも対応する。さらに、道内における旅行プランの企画を手掛ける他、そば屋「ごっつ庵」の運営も展開する。
ホテル・旅館業界の会社,沖縄県石垣市において、「アートホテル石垣島」を運営している。245室の客室を備え、180度パノラマのスカイバーや屋外プールを有していることが特徴。宿泊プランの他、ウェディングプランの提供も行っている。
自動車部品・カー用品製造業界の会社,ねじやボルト等の自動車部品の製造と卸販売を手掛けている。
自動車部品・カー用品製造業界の会社,株式会社ヨロズのグループ会社であり、生産拠点の一つである。グループ共通のヨロズ生産方式「YPW」により製造を実施。自動車および農業機械のサスペンションやブレーキペダル、オイルパンなどの部品の開発と製造を行う。
警備業界の会社,東京都新宿区を拠点とし、工事現場や駐車場での交通誘導警備を手掛けている。
タクシー業界の会社,一般的なタクシーの他、空港連絡タクシーや広島県内の観光名所を巡る観光タクシーを運行している。
ホテル・旅館業界の会社,福岡県小郡市にて温泉施設「カルナパーク花立山温泉」の運営を行う。日帰り入浴および宿泊に対応しており、その他入浴と食事がセットになった宴会プランも可能。また、施設内にはボディケアサロンや、貸室や会議室にも使用できる多目的ホールも所有する。
保険代理店業界の会社,ペットの怪我や病気に対応した少額短期保険の販売を手掛ける。保険は、ペットである犬または猫に対応する。
タクシー業界の会社,足立区を拠点として、東京23区内などの都心エリアを走行するタクシー会社で、大和自動車交通株式会社の加盟会社である。また、国土交通省より「女性ドライバー応援企業」の認定を受けており、女性ドライバーが働きやすい労働環境作りに励んでいることが特徴。
金属部品製造業界の会社,工作機械や建設機械および減速機等、各種産業用機械の部品の製造を行っている。またマシニングセンタ設備などを用いて、切削や研削ならびに研磨等の金属加工も手掛ける。主な製造部品として、ボールネジやリングギアおよびスピンドルユニットや油圧エルボなどがある。
高齢者向け福祉業界の会社,通所介護事業所「まるおかデイサービスセンター」や、小規模多機能型居宅介護施設「まるおかデイホーム」の運営を手掛けている。また、認知症対応型共同生活介護施設「グループホームまるおか」や、居宅介護支援事業所「まるおか介護支援センター」の運営も行う。
居住用リフォーム業界の会社,住宅の太陽光発電設置工事を行っている。施工後のアフターメンテナンスも行っているのが特徴。その他、IH調理器やエコキュートなどを導入するオール電化工事、玄関周りやカーポートおよびウッドデッキの設置を行うリフォームも行っている。
美容サロン業界の会社,美容サロンを多数運営している会社である。具体的には、ヘアーサロン、ネイルサロンやヘッドスパサロンなどを経営している。美容サロンの他にウィッグショップも運営している他、Webサイト製作などのICT事業も展開していることが特徴。
タクシー業界の会社,和歌山県の南紀白浜や熊野古道の観光やビジネスなどに向けてタクシーを運行している会社。観光コースは南紀白浜・中辺路から本宮など、8エリアに分かれている。中型タクシーの他、貸し切りのジャンボタクシーを選ぶことも可能。第一交通産業株式会社のグループ会社である。
Webサービス・アプリ運営業界の会社,ソフトバンクグループ株式会社の子会社であり、ソフトウェアダウンロードサイト「Vector」上にてソフトウェアの販売などを行う。アニメーションのほか、ダウンロード版教材やビジネス用ソフト、プログラミング用ソフトなどの制作ならびに配信を手掛ける。また、パソコン向けソフトウェアとして、「Windows10 Pro」などのOSやコピーペーストなどの作業簡略化システムの開発および販売にも携わる。さらに、自社Webサイトでのサイト広告販売事業も展開するほか、グループ会社のソフトバンク株式会社が提供するAndroid向けアプリ「App Pass」の運用の受託業務も担当する。その他、スマホ専用Webサービス「QuickPoint」の提供も行う。
警備業界の会社,愛知県東海市に拠点を構え、学校プールの監視などの警備業を手掛けている。
保険代理店業界の会社,コーポ利用者向けサービスを提供している。他社保険の代理販売のみならず、自社で企画した保険商品の販売も行う。また、チケットの販売や住宅のリフォームを行うほか、家事代行や葬祭などのサービスも手掛けている。
高齢者向け福祉業界の会社,高齢者を対象とした訪問介護や看護、デイサービスおよび居宅介護の支援などを行う。また、グループホーム「生き活き」や老人ホーム「はたち」の運営を行う。
ゴルフ場業界の会社,兵庫県西宮市にて、会員制ゴルフクラブ「よみうりカントリークラブ」などの総合ゴルフクラブの運営を手掛ける。その他、所属プロゴルファーによるゴルフレッスンにも取り組む。
高齢者向け福祉業界の会社,仙台市の3つのグループホーム「ふれあいの家白鳥」「ふくろうの杜寺岡」「ふくろうの杜泉ヶ丘」を展開する。認知症に対応しており、歯科や精神外科等の医療機関と連携を行っている。また、訪問介護と契約し健康管理を行う。
Webサービス・アプリ運営業界の会社,Webサイト「AppBank.net」を運営しており、ゲームの攻略情報やiPhone関連ニュースおよびスマートフォン関連アクセサリーの紹介情報などを提供している。また、広告プラットフォーム事業として、アドネットワーク「AppBank Network」の提供を行う。さらに、ゲーム攻略アプリやSNSアプリの開発・運用を手掛ける。主に、ゲームアプリ「パズル＆ドラゴンズ」の攻略サイト「パズドラ究極攻略データベース」やゲームアプリ「モンスターストライク」の攻略アプリ「モンスト攻略アプリ」などを開発している。加えて、「YouTube」や「ニコニコ動画」などの動画プラットフォームに対し、自社制作動画コンテンツの提供を行っている。その他、連結子会社の株式会社AppBank Storeは、実店舗とＥコマースサイトにて「AppBank Store」を運営し、自社の提供するメディア記事にて紹介される製品を販売している。
高齢者向け福祉業界の会社,通所介護施設「ひなたぼっことやま」「ひなたぼっこ上市」「ひなたぼっこ草島」の運営を手掛けており、短期入所や認知症などにも対応可能。その他、居宅介護支援や訪問介護も請け負っており、介護に関する地域包括支援も行う。
医療機器・実験機器メーカー業界の会社,治療⽤や処置⽤および⼿術用等の医療機器を製造する株式会社トップの関連会社である。医療用機械器具や医療用品の製造を行う。
タクシー業界の会社,第一交通産業グループのグループ会社である。北九州市を中心にタクシーの運行を行う。
高齢者向け福祉業界の会社,「ヘルパーステーションひまわり」を運営し、通所介護や訪問介護支援および福祉用具貸与を手掛ける。また、認知症対応型通所介護や短期入所生活介護ならびに居宅介護支援も請け負う。その他、障害者の支援を行う「ママりお ひまわり」の運営にも携わる。
高齢者向け福祉業界の会社,居宅介護支援施設「ほのか」の運営を行い、ケアプラン制作や介護サービス手続き代行などを手掛ける。また、訪問介護ステーション「こうりん」を運営しており、身体介護や生活介助サービスを行う。さらに、訪問看護施設「茜」の運営もしており、健康維持管理やリハビリおよび終末看護を手掛ける。
高齢者向け福祉業界の会社,短時間デイサービス「広島福祉通所センターすてっぷ東雲」の運営や訪問介護を行っている。また、訪問入浴や、介護用具のレンタル及び販売も手掛ける。その他、訪問介護事業所の運営や、介護リフォームも行う。
Webサービス・アプリ運営業界の会社,旅行先の国内ホテルや海外ホテルを予約できるサイト「ホテリスタ」というWebサイトを運営している会社。国内だけでなく国外のホテルの予約も取り扱い、旅行先が海外であっても旅行者に対して、24時間日本語でのサポートを行っている。
居住用リフォーム業界の会社,外まわり・水廻りなどの住宅リフォームや福祉用具のレンタルならびに販売、およびガス機器などの販売を手掛ける。また、千葉県内に「京葉ガスサービスショップ ケージェイリビング」を展開し、その運営にあたる。
警備業界の会社,施設の警備と管理、交通誘導、雑踏警備などを主要事業とする。道路工事や建築現場、各種イベント会場などでの交通誘導および人員整理といったサービスを請け負う。
自動車部品・カー用品製造業界の会社,マウント基盤の組立および加工を手掛け、カーステレオ部品や二次電池検査機などの電気機械器具の製造を請け負う。小ロットや多品種の製作にも対応。また、特定労働者派遣業務も行っている。
自動車部品・カー用品製造業界の会社,自動車用部品等のプレス溶接組立加工品の製造を中心に、試作や生産準備、量産立ち上げ事業までを展開。また、自動車用シート部品や機構部品のプレスおよび溶接加工を行う。その他、電動車椅子などの福祉機器部品の製造を手掛ける。
高齢者向け福祉業界の会社,訪問介護、デイサービスを中心に事業を展開する。介護支援専門員研修などスタッフの教育も実施している。横浜市、川崎市など神奈川県内に複数の営業所の運営を行う。また医師や看護師、理学療法士などの福祉・医療関係の人材派遣も手掛ける。
高齢者向け福祉業界の会社,静岡県を中心にグループホームやデイサービスなどの介護事業を運営している。デイサービスでは、集団レクリエーションや機能訓練などを用いた体操やリハビリを行うことで、高齢者の認知症予防や身体機能の維持に努めている。グループホームは個室への入居が可能で、身体的介助や食事補助などを行っている。
食品店業界の会社,契約農家から仕入れた青果物や、川越市場から仕入れた地物野菜を販売する店舗の運営を行う。また、スーパーマーケットやショッピングセンターへの納品も手掛けている。
タクシー業界の会社,静岡県袋井市を拠点に、タクシー事業および介護タクシー事業を手掛けている。
タクシー業界の会社,東京でタクシーの無線廃配車を行う東京無線グループに加盟している。ドライブレコーダーやGPS連動DVDカーナビ等の装備や、防犯装備を全車に搭載している。また、カード決済機やおサイフケータイ決済にも対応し、「東京無線配車アプリ」を利用すれば、すぐにタクシーを呼ぶことが可能。
高齢者向け福祉業界の会社,高齢者向けの多機能型福祉マンション「幸」や女性専用障害者福祉マンションの運営を行う。ホームヘルパーによる訪問介護サービスや介護保険申請の代行サービスも手掛ける。また住宅のバリアフリー化等の改修工事を請け負っている他、保育事業を展開している。その他、介護保険申請代行も請け負う。
ホテル・旅館業界の会社,鳥取県倉吉市にて、「倉吉シティホテル」の運営を行う。レストランや会議室を併設しており、ウェディングをはじめ、宴会や会議など各種イベントに対応する。
保険代理店業界の会社,主に「東京海上日動火災保険株式会社」「日新火災海上保険株式会社」などの損害保険代理業などを行う。また、「アクサ生命保険株式会社」などの生命保険の募集に関する業務や金融商品仲介業、ライフプランニング業務を行っている。
ホテル・旅館業界の会社,富山県富山市のホテル「富山エクセルホテル東急」を運営する。また、宴会場や会議室としての利用に対応するほか、法人の保養所としての契約などにも対応する。
保険代理店業界の会社,自動車保険や医療保険、旅行保険などの個人向けの損害保険代理店を手掛ける会社。その他、車のメンテナンスや修理、車検等の点検設備事業に加え、レンタカー事業も行っている。また、外壁・内装等のリフォーム、リノベーションにも対応。
マンション・アパート賃貸業界の会社,不動産に関する事業を手がけており、主にマンション賃貸を行う。個人向け、ペット向けファミリー向けなどの物件を保有する。また、不動産オーナー向けに賃貸管理等のサービスを提供している。
居酒屋・バー業界の会社,山陰地方の食材を使った、「山陰海鮮炉端かば」をはじめとする居酒屋や飲食店を全国展開している。その他にも、海外の店舗運営、通信販売も行う。また、スナックの運営や不動産事業も手掛ける。
保険代理店業界の会社,保険やライフプランについてなどの相談を無料で行う。生命保険や医療保険および入院保険をはじめ、火災保険や傷害保険などの保険の紹介を手掛ける。また、女性保険やがん保険、学資保険やペット保険の紹介にも対応が可能。
高齢者向け福祉業界の会社,有料老人ホーム「ぶどうの木」を運営している。また、障碍者向けの自立支援ケアホーム「ぶどうの木牧港」の運営を行う。その他、自立支援サービスの通所介護としておもろまちデイセンター「若枝」やヘルパーステーション「小枝」なども運営する。また、訪問介護や訪問看護サービスも提供している。
高齢者向け福祉業界の会社,デイサービス施設「夢ふうせん さろま」および「夢ふうせん ラポール」、小規模多機能型居宅介護サービス事業所「夢ふうせん せせらぎ」の運営を手がける。ホームヘルプサービスや介護タクシー事業なども請け負う。そのほか、障がい者相談支援なども行う。
塾・受験予備校業界の会社,「英進進学教室」および「英進ハイスクール」の運営を行なっている。受講対象者は小学生から高校生までであり、中学受験、高校受験および大学受験に対応。また、個別指導や夏期および冬期の講習なども行っている。
食品店業界の会社,筋子やハマグリ、アジ、真鯛などその季節に水揚げされる水産物を販売している。小売業者への販売だけでなく、一般消費者へも小分けにして販売を行っている。
警備業界の会社,静岡県内の企業等の常駐警備など警備業務を行う。オフィスビルや、商業施設、ホテルなどの警備のほか、空港保安警備業務検定資格を持つスタッフが、富士山静岡空港の保安検査、消火救難などを行っている。さらに、身辺警備やビル運営管理なども請け負う。
人材紹介業界の会社,一般労働者派遣事業と有料職業紹介事業のふたつの形で人材派遣を手掛ける。また、HRコンサルティング業で課題解決を行ったり、工場の生産ラインを保持し、請負も行う。その他、じゃじゃ麺の店「ちーたん」の運営も手掛ける。
自動車部品・カー用品製造業界の会社,大同特殊鋼グループの指定協力会社として、自動車のターボエンジンの翼車など自動車部品や精密鋳造品の仕上げ・加工などを請け負う。
高齢者向け福祉業界の会社,ケアマネージャーによる居宅介護計画立案から、通所および訪問介護・看護まで、介護サービスを総合的に行っている。また同じ敷地内にて、サービス付き高齢者住宅や有料老人ホームの運営も行なっている。
自動車部品・カー用品製造業界の会社,スタンレー電気グループ会社であり、自動車部品及び付属品を製造する。また、スタンレー電気製品の製造にも取り組む。
人材紹介業界の会社,第二新卒や転職者を中心に企業とのマッチングを請け負う。また、キャリア相談や求人の紹介などといった転職支援のほか、面接および筆記試験対策などを教える社会人スクールも運営する。その他、採用戦略の立案をはじめとした採用コンサルティングも行う。
高齢者向け福祉業界の会社,大阪府にて訪問介護事業所「ピースフリー東淀川」「ピースフリー正覚寺」などを運営している。ピースフリーケアグループの一社である。
金属部品製造業界の会社,山口県熊毛郡を拠点として、建築板金や鋼版などの制作を手掛ける。また、LED照明の設置工事や太陽光パネルの設置工事および屋根工事なども請け負う。
ホテル・旅館業界の会社,リゾート施設「ホテルグランフェニックス奥志賀」の運営を行っている。展望大浴場などの施設を有するほか、信州産食材を使用した料理の提供などを手掛ける。また、和食や中華およびイタリアンのレストランも施設内に有する。
警備業界の会社,主業務であるデパートやビル、病院などの常駐や巡回警備の他にも、交通誘導や身辺警護なども請け負っている警備会社である。また町や市をあげてのイベントや催事の際などは、各地域の警察署や消防署などの公的機関と連携し、地域の安全警備を行っている。
高齢者向け福祉業界の会社,サービス付き高齢者向け住宅「イツモスマイル」や訪問介護施設および「デイサービスセンター恵」などの運営を行う。また、福祉用具のレンタルや販売および「イツモスマイルクリニック」の運営も手がける。その他、居宅介護支援事業所や児童発達支援事業所なども展開。
ホテル・旅館業界の会社,道後温泉において旅館「道後舘」の運営を行う。建物は黒川紀章が設計しており、100％引き湯の大浴場が特徴。また館内にはおみやげ処や喫茶ラウンジの他、宴会場や和風会席膳「レストラン四季」といった施設もある。
自動車部品・カー用品製造業界の会社,自動車のシートやヘッドレスト、アームレストのカバーの製造などを行う。
金属部品製造業界の会社,高密度平角α多層巻コイルやジョイントレスコイルなど、各種高密度コイルや特殊コイルの製造および販売を行う。また、細線を多層巻にしたボビン巻完全整列コイルの量産も可能。その他、空芯コイルを4個一体成形したコイルモールドも手掛ける。
タクシー業界の会社,中型や小型タクシー、および車椅子乗車可能なユニバーサルデザインタクシー等の運行を行う。また、令和3年3月31日までの期間限定でデリバリータクシーを運行し、弁当やカレーなどを提供。さらに、観光旅行向けの貸切バス「東出雲観光バス」も運行する。他に、ツアー企画も手掛ける。
ホテル・旅館業界の会社,主に、レジャーホテル「ファイン」「ファインガーデン」などの運営を手掛けている。その他、温泉旅館および結婚式場などの運営も請け負う。
金属部品製造業界の会社,液晶ディスプレイ用照明装置などの電子部品や自動車部品、ならびに包装機およびコンデンサーなどの製造及び加工、組立を手掛ける。旋盤などの設備を所有しCAD、CAMを用いたオーダー加工を請負っている。そのほかロボット用部品なども取り扱う。
居住用リフォーム業界の会社,オークラヤ住宅グループの関連会社としてマンションリフォーム工事を手掛ける。また、パッケージプランの「SIMPLE STYLE」と素材やデザインにこだわる「ONLY ONE STYLE」の二つのプランを軸としてリノベーションを行う。その他、事務所リフォームにも対応。
高齢者向け福祉業界の会社,重度訪問介護、訪問介護および同行介護サービスを行う介護施設「愛わくわく訪問介護ステーション」を運営している会社。大阪府及び兵庫県域にホームヘルパーが訪問して入浴や食事、外出等の介護を行っている。
警備業界の会社,雑踏警備やボディーガード、常駐警備などを請け負う。また、コンサートや即売会および展示会などのイベントの交通誘導や入場整理などを行う。コンサートでは楽屋周辺の警備や物品販売の監視などに対応する。
美容サロン業界の会社,兵庫県内で美容室「おしゃれキャット」の運営を行う。主に、カットだけでなくヘアカラーやパーマなどの施術を行い、着物の着付けも手掛ける。
高齢者向け福祉業界の会社,住宅型有料老人ホーム「見岳荘」や居宅介護施設「こだま」などの運営を行っている。介護事業の一環として、居宅介護支援や訪問介護および通所介護などを手掛ける。また、企業主導型保育事業として託児所「よってき家」の運営も行う。
マンション・アパート賃貸業界の会社,主にアパートやマンションの賃貸仲介及び管理やコンサルティング業務を行う。扱う物件はシングルタイプ・ファミリータイプといった各種個人向けの物件や都民住宅など多岐に渡る。その他、店舗・事務所用の物件も取扱う。
高齢者向け福祉業界の会社,静岡県田方郡を拠点に、訪問介護事業所「ヘルパーステーションやすらぎ」を運営している。訪問介護員が介護者の自宅を訪問し、掃除や洗濯、買い物などの生活介助を行う。そのほか、福祉用具レンタル、販売も手がける。
ホテル・旅館業界の会社,ゴルフ場やテーマパーク、ホテルなどを運営している安達事業グループの関連企業で「ホテルグリーンプラザ軽井沢」の運営および管理を行っている。また併設するレストランの運営、たばこや郵便切手の販売なども手掛ける。その他、結婚式場の運営も行う。
高齢者向け福祉業界の会社,デイサービス施設「シンシア久居」を運営している会社である。要介護者に対して短期入所生活介護やデイサービスを行っている。
居住用リフォーム業界の会社,工場や学校、介護施設などの公共施設の設計・建築および店舗や住宅の水廻りをはじめとするリフォームを行う。公民が連携して公共サービスの提供を行うパブリック・プライベート・パートナーシップを用いている。またゴルフ場の改修工事などの土木工事も行う。
高齢者向け福祉業界の会社,デイサービスや訪問介護をはじめとした介護事業を展開している。介護保険適用のデイサービス・認知症者のデイサービスや訪問介護を行うほか、在宅介護支援も請け負う。訪問サービスは、各務原市全域及び周辺2キロまで提供する。
自動車部品・カー用品製造業界の会社,ハンドルカバーやカーテン・フロアマット等、トラック用品の製造・販売を行う会社である。主力商品であるハンドルカバーは、職人が一点一点縫製しており、「ノーマル」「キルト仕様」の種類がある。兵庫県内に3店舗、奈良県内に1店舗の直営店「トラックストップ ターン」を構えている。
高齢者向け福祉業界の会社,「デイサービスセンターかがやき赤土」「デイサービスセンターかがやき太田」を運営している。その他、パワーリハビリマシン設置に関する研修の開催やデイサービスの業務支援ソフト「K.D.S」の開発も手掛ける。また事業者向けにパワーリハビリ専用マシンなどの物品販売を行う。
金属部品製造業界の会社,電気炉溶解設備による鋳鉄製品の製造および卸売を行っており、大量生産から多品種小ロット生産まで対応している。製品はシフトフォークやヨークフランジなどの自動車部品、サーモスタットケースやブラケットなどの建設機械部品を手掛ける。
高齢者向け福祉業界の会社,訪問介護やデイサービスの他、居宅介護支援や訪問看護を行う「ケアサポートメイ」の運営を手がけている。また、入浴や体操およびレクリエーションなどを行う通所介護サービスにも取り組む他、ケアプランの作成なども実施。
ゴルフ場業界の会社,27ホールの丘陵林間コースを備えたゴルフ場「八幡カントリークラブ」の運営を行っている。また、クラブハウスやレストランを備えるほか、地元特産品などを販売するショップを併設している。
人材紹介業界の会社,取引企業先または利用者に対し、人材紹介および人材派遣を行う。また取引企業先への業務請負事業を手がける。そのほか、外国人の従業員も受け入れている。
ホテル・旅館業界の会社,素泊まりプランや館内ギフト券付きプランなど各種宿泊プランを取り揃えた「水戸京成ホテル」や「京成ホテルミラマーレ」を運営する。また、ブライダルやパーティ・同窓会などの宴会プランにも対応。さらに、レストランや結婚式場の運営も行う。
タクシー業界の会社,熊本県熊本市にて、レギュラータクシーや介護タクシーおよびジャンボタクシーなどの運行を手掛ける。
美容サロン業界の会社,鹿児島市内にて、「Men's髪飛＆美容室南風アトリエ西陵店」「monde-hair creation-」をはじめとした、理容室や美容室の運営を行う。
食品店業界の会社,「ほとめき市場 一太郎」「魚一太郎」にて、鮮魚や寿司・惣菜などの販売を行っている。また、海鮮ネタや地元嘉穂牛あぶり等を取り揃える「回転寿司 一太郎」の運営を展開。その他、「仕出し一太郎」にて寿司の注文販売を実施する。
中古車販売業界の会社,「カーベルアスカ店」「カーベル松江中央店」等を運営し、国産車と外車の中古車や新車および二輪車の販売、買取を行う。また、自動車の車検と板金塗装および修理や整備メンテナンスを手掛ける。その他、カー用品やパーツおよびタイヤの販売と取付、損害保険の販売も行う。
ホテル・旅館業界の会社,主に「松江 エクセルホテル東急」などの運営を行う。宿泊サービスを提供する他に、宴会やブライダル関連のサービスも提供している。また、ホテル内のレストランにて食事の提供も行う。
金属部品製造業界の会社,鋳鉄やアルミなどを使用した自動車部品や建設機械部品ならびに医療機械部品の鋳造を手掛ける。主に、油圧関連やシリンダー関連の他、ターボ部品や排気系部品の鋳造を請け負う。
水産物食品専門商社業界の会社,桐生地方卸売市場において、鮮魚や干物などの水産物や冷凍魚などの加工品の卸売を手掛ける。また、切り身や三枚おろしなどの加工やパック加工、レンジアップ商品のキット加工などを手掛ける。主に、鮮魚や冷凍サーモン、カンパチの加工を行う。
高齢者向け福祉業界の会社,介護専用型有料老人ホーム「ナーシングホーム静養館」を運営している。個室は11畳あり、介護ベッドや全自動トイレ、テレビなどの各種設備を備え付けていることが特徴。また、機能訓練室や野外リハビリコースなども有している。
マンション・アパート賃貸業界の会社,ハウスパートナーグループのグループ会社であり、マンションや戸建住宅などの賃貸仲介を行う。また、店舗や事務所などの事業用賃貸物件も取り扱う。その他、新築や中古のマンションや戸建住宅および土地ならびに投資用物件の売買仲介なども手掛ける。
食品店業界の会社,愛媛県八幡浜市にて、鶏肉や豚肉の生産や販売を行う。また、牛肉や鶏卵および米などの卸売や小売を行う。
医療機器・実験機器メーカー業界の会社,医療消耗品や医療必需品およびペット用品などの販売を行っている。また、業務効率化や経費削減などの経営支援コンサルティングにも携わる。その他、介護用品などの宅配サービスなどにも対応。
人材紹介業界の会社,沖縄県浦添市に拠点を置いて、飲食業の人材やバイリンガルスタッフの紹介を手掛ける。また、ホテルなどの宿泊施設や飲食業を中心に人材の紹介や派遣を行い、米軍基地への派遣も行う。その他、社員食堂などの運営受託事業を手掛ける。
ゴルフ場業界の会社,ゴルフ場の運営事業を手掛けており「宮崎レイクサイドゴルフ倶楽部」の運営を行う。ゴルフ場は、1コース18ホールのコースを有している。また、ゴルフ施設内にて食事の提供も行う。
ホテル・旅館業界の会社,富山県高岡市の、「ホテルニューオータニ高岡：およびホテル内施設の運営を行う。ホテル内に各種レストランや宴会場、結婚式場などの設備を所有。レストランウェディングやバンケットウェディングなどのプランを提供する。
金属部品製造業界の会社,福島県白河市において、工作機械や産業用機器または医療機器などに使用される精密機器部品の製造や組立を行う。また、電気信号調整および基板の半田付けなどを手掛ける。
金属部品製造業界の会社,鉄鋼素材から機械加工や組み立てまでの一貫製作を行う。電気炉や高周波炉などの高温高圧用特殊鋳鋼品や耐摩耗鋼の製造や加工組立も請け負う。
高齢者向け福祉業界の会社,埼玉県の介護支援施設「ケアサポートあすなろ三鷹」「ケアサポートあすなろ狭山」を運営している。身体介護や生活介護などを行う訪問介護サービスを展開。また、障がい者向けに家事援助や通院介護なども行う。
金属部品製造業界の会社,船舶用の大型エンジンの潤滑油供給に利用される注油器や、精密金型、超精密加工部品を製造・販売している。難削材の加工も行っていて、素材から切削加工、超精密鏡面加工・組立・調整・検査までを24時間一定温度管理された工場で実施している。そのほか、3D造形の業務も行っている。
ゴルフ場業界の会社,ゴルフ場「姉ヶ崎カントリー倶楽部」「立野クラシックゴルフ倶楽部」を運営する。「姉ヶ崎カントリー倶楽部」はダンロップオープンなどのトーナメントの舞台となる。
自動車部品・カー用品製造業界の会社,愛知県豊川市を拠点として自動車部品の製造をしている。スイッチ類やキー部品の加工および組付作業を行っている。
高齢者向け福祉業界の会社,主に、患者を診察する医師と連絡、指示および報告の連携を取りながら訪問看護や訪問リハビリを行う。サービス内容には、日常生活の看護や介護者の支援、リハビリ及び医療的処置などがある。そのほか、認知症の看護や精神のサポート、公的サービスについての相談に応じている。
塾・受験予備校業界の会社,愛知県と岐阜県、三重県で、家庭教師の派遣を行う。小学生と中学生、高校生の通常コースと受験コース、並びに、発達障害コースも用意している。また、家庭教師の育成も行う。その他、学校評価事業や教育関係イベントの企画運営も手掛ける。
高齢者向け福祉業界の会社,訪問や通いおよび宿泊などのサービスを組合せ、入浴や排泄および食事などの介護ならびに日常生活上の世話やレクリエーションなどを行う。また、日常生活上必要な援助や機能訓練などを行う｢ショートステイ仙北｣や｢ショートステイ神岡｣の運営も手掛ける。
マンション・アパート賃貸業界の会社,一人暮らしやファミリーなどあらゆる顧客向けに賃貸物件を仲介している会社。港区、目黒区など東京の南部エリアの物件を取り扱っている。また、全国にグループ会社が展開しているため、法人向けに移動・転勤に伴う社宅の仲介も可能となっている。
Webサービス・アプリ運営業界の会社,生活習慣病患者に適した遠隔診療サービス「MEDICALLY」の運営に取り組む。スマホアプリを使用し遠隔診療や血圧の管理、栄養士による食事指導など生活習慣病への改善を行う。その他、保健事業の分析やプロジェクト管理などをクラウド上で一貫して行える保健事業DXツール「Medicallyクラウド」の提供を行う。
自動車部品・カー用品製造業界の会社,EV・PHV関連機器や車載式故障診断装置などの自動車部品の開発設計および製造を手掛ける。また、各種ハーネスや車両整備用特殊工具、リフトスイッチなどの開発も手掛ける他、各種車両検査用品も取り扱う。その他、中国広東省とタイに拠点を保有している。
タクシー業界の会社,一般タクシー業や観光タクシー業を行う。また、妊婦向けのタクシー「ママサポートタクシー」を運行する。
自動車部品・カー用品製造業界の会社,自動車部品を中心に新幹線のシートなどの「転造ねじ」の製造、卸売を行う。主に、特殊転造や塑性加工および精密切削加工を行い、棒材に圧力をかけて直接ねじ山を造形する独自の工法で製造を手掛ける。
タクシー業界の会社,タクシー業務を行っている会社。通常のタクシー業務の他、成田空港や羽田空港まで定額運賃で運行するサービスがある。スマートフォンアプリで配車ができるサービスも提供している。
自動車部品・カー用品製造業界の会社,主に建設機械や自動車の部品などを鍛造技術により製造し、卸売している。ギアやベアリング、バルブなどを取り扱い、これらの熱処理や表面加工、切削加工を行う。また、CADにより設計・制作した金型を用いているのが特徴。
警備業界の会社,長崎県にて施設警備や交通誘導警備、イベント警備を行う。また、施設警備や貴重品警備も手掛ける。
自動車部品・カー用品製造業界の会社,自動車用部品の設計や製造および販売を行う。ステアリングモジュールやシフトレバーモジュールなどのメカトロニクスモジュールを製造する。さらに、レインセンサーなどの電装部品や、スイッチパネルなどの電子部品を取り扱う。
金属部品製造業界の会社,金型設計や製作から鍛造までを行う精密型打鍛造をメインとし、自動車部品や農業機械、レール締結部品などを製造および販売する。鍛造には、エアースタンプハンマーやフォージエースハンマーを使用する。主な製品として、ギヤカムシャフトタイミングやエンジンキャップおよびステアリング操作伝達部品などがある。
高齢者向け福祉業界の会社,認知症をもつ高齢者を対象とした共同生活介護施設「ひまわり」を運営する。また、建築や建設も手掛けており、土木工事や舗装工事をはじめ、とび工事や土工工事ならびにコンクリート工事や石工事に対応する。さらに、管工事や造園工事も行っている。
保険代理店業界の会社,個人向けに生命保険と損害保険の紹介および代理店業務を行う。生命保険会社23社と損害保険会社12社の取り扱いがある。また、保険や貯金等に関するセミナーやイベントも開催する。
警備業界の会社,イベント警備や「コマツ茨城工場」など施設の常駐警備など各種警備を手掛ける。また、個人及びオフィス向けに防犯カメラや警備用機器による管制センターに対応した機械警備サービスを行う。その他、ビルの清掃や管理業務などを請け負う。さらに、イベント企画や防犯コンサルタント、警備計画立案なども手掛けている。
医療機器・実験機器メーカー業界の会社,アレルギーや自己免疫疾患検査ソリューションの輸入を行う。他にも医療機関向けに販売を行っているのが特徴である。サーモフィッシャーサイエンティフィックのグループ会社である。
中古車販売業界の会社,2018年現在、埼玉県下5店舗にて、新車および中古車の販売と買取りを行う。また、自動車整備に取り組み、車検では100項目以上の点検内容を実施している。さらに、自動車部品や中古パーツを取り扱う他、各種保険にも対応。
タクシー業界の会社,鎌倉市を中心とした地域でタクシー事業を行う。ユニバーサルデザイン車両も導入し、車椅子やスーツケース等の大型荷物にも対応。
高齢者向け福祉業界の会社,高齢者や障害者の自宅に直接訪問して介護を行う。具体的には、食事や排泄、および入浴などの生活援助を手がける。さらには、就寝時の見守りや体位交換の介護にも携わる。また、洗濯や掃除の代行援助も行う。
ゴルフ場業界の会社,東京都多摩市にてゴルフクラブを運営する。関東ゴルフ連盟主催競技の試合会場としてコースの提供を行う他、休場日には自治体や町内会、企業等が主催するコンペにもコースを開放している。
Webサービス・アプリ運営業界の会社,クラウド型の農業支援システム「アグリノート」の開発および運営を手掛ける。航空マップによる農園管理や農記録の管理、スマートフォンとの連携などの機能を有する。また、オンラインデモや研修会などを通してシステムの導入サポートも行う。
美容サロン業界の会社,関東圏を中心に「タイム東長崎駅前店」などの美容サロンを運営する会社。社員の海外研修や社員旅行なども定期的に行う。また、「OIL Treatment Mist」といったヘアトリートメント商品などの開発や販売も行っている。
医療機器・実験機器メーカー業界の会社,アボット・ラボラトリーズ社の日本法人であり、医薬品、医療機器などの開発や製造、販売を行う。また、栄養剤製品や診断機器なども取り扱う。その他に、医療関係者向けのセミナーなどの開催にも取り組む。
ホテル・旅館業界の会社,温泉旅館「和多屋別荘」の運営を手掛ける。標準客室に加えて露天展望付客室やロイヤルスイートルームを備えていることが特徴。また、館内において「和食処 利休」や「レストラン佐賀牛賓館」の運営も手掛ける。そのほか、楽天市場において「温泉湯どうふ」や「特選佐賀牛カレー」などの販売も行う。
自動車部品・カー用品製造業界の会社,群馬県太田市にて、自動車部品の製造を手掛ける。主に、自動車のシートフレームの部品の製造を行う。
美容サロン業界の会社,リラクゼーションサロン「ルアンルアン」を運営する会社。施術用のハーブやオイルにはフィトサンアローム社の製品等を使用し、マッサージは英国式と東洋式を組み合わせた独自の「アジアン手技」により行う。また、フランチャイズ店舗事業も展開している。
ホテル・旅館業界の会社,都市型リゾートホテル「フォレスト･イン 昭和館」と「ホテル S&S モリタウン」を運営する。また、「昭和の森ゴルフコース」やゴルフ練習場に加えて、ゴルフスクールの運営も行う。さらに「昭和の森テニスセンター」及びテニススクールのほか、フィットネスクラブ「フォーラス」の運営も担う。
タクシー業界の会社,主に、会社役員の送迎を行う運転手の派遣を手掛ける。また、社員の通勤や研修の送迎バスおよびスクールバスの運行に対応。その他、配送や倉庫内作業ならびにフォークリフト作業などの物流業務も行う。
ホテル・旅館業界の会社,"中部地方を中心として、ビジネスホテル「ABホテル」の運営を手掛け、宿泊サービスの提供を行う。また宿泊施設の特徴としては、客室内のユニットバスのほか大浴場を完備し、コインランドリーがあるほかパブリックPCが設置されている。2019年現在、既存14店舗の年平均稼働率は86.6％となり、売上高5,514百万円・前期比24.8％増、営業利益1,409百万円・同18.2％増、経常利益1,398百万円・同22.0％増、当期純利益は887百万円・同22.7％増となっている。また、2019年4月以降の出店予定として「ABホテル」11店舗の新規開発を決定。"
医療機器・実験機器メーカー業界の会社,資材の調達から板金加工や塗装、組み立てまでを一貫して担い、精密機械の生産を手掛ける。医療機器を中心にOA機器や両替機、機構部品および、電源BOXなどを取り扱う。半導体製造装置関連や液晶関連も対応可能。その他、液晶パネルや血液分析機の組み立ても行う。
居酒屋・バー業界の会社,「さくら水産」を始めとした居酒屋チェーンを経営する会社。漁業関係者と連携をし、魚を中心とした料理を提供している。また、衛生管理に力を入れており、担当スーパーバイザーと本部社員による店舗のダブルチェックを定期的に行っている。
高齢者向け福祉業界の会社,認知症専門の介護施設「ハーモニーデイサービス」の運営を行い、デイサービスの提供を手掛ける。また、介護事業に関する再生コンサルティングにも対応。その他、認知症患者向けのコミュニケーションロボット「コモモン」の研究開発にも取り組む。
自動車部品・カー用品製造業界の会社,自動車の外観部などの樹脂の押出成形品の製造を行う。主に、車のドアのクッション部やボディフランジなどを取り扱っており、外観の装飾や安全性向上の役割を担う。その他、芯金入り樹脂押出成形品や二層樹脂押出成形品、異形樹脂押出成形品などに対応。
タクシー業界の会社,個人向けタクシーや配車サービスなどの法人向けサービスを行うタクシー会社を運営する。また、プリウスなどの普通車を専門のドライバーが運転し、観光案内を行うサービス「よか旅NAVI」も手掛ける。
ゴルフ場業界の会社,京都府亀岡市にて、会員制のゴルフ場「関西カントリークラブ」の運営を主に行う。ホテルやゴルフ場運営などを行うリソルホールディングス株式会社の連結子会社である。
自動車部品・カー用品製造業界の会社,自動車の内装に使用される樹脂部品等の製造を手掛けている。また、エアーダクトやポーラスダクト等も扱う。
居酒屋・バー業界の会社,飲食店の運営などを行う株式会社ヴィア・ホールディングスの関連会社であり、「備長扇屋」「やきとりの扇屋」「本陣串や」などの居酒屋の運営を手掛ける。
美容サロン業界の会社,愛知県のヘアサロン「AFFECTION」「VAN COUNCIL」の運営を行っており、カットやカラー、パーマなどを行う。また、成人式などにおける着付け・ヘアメイクをはじめ、ヘッドスパやネイルなどのサービスも提供している。
タクシー業界の会社,「日本交通株式会社」が西日本進出を機に設立し、一般のタクシー業務のほか、顧客のニーズに合わせた観光タクシーや空港送迎用タクシーも取り扱う。また、高級車両やワンランク上のサービス教育を受けた従業員によるハイグレードサービスや、大口予約配車などにも対応している。
居酒屋・バー業界の会社,もつ鍋店を運営し、また、もつ鍋のお取り寄せ通販事業を展開している。また、もつ鍋の締めの1つであるちゃんぽんを発祥した店である点が特徴。通販事業では、冷凍および冷蔵のもつ鍋セットを販売している。
金属部品製造業界の会社,主に精密板金の製造を行っており、アルミや真鍮といった素材を使用しているほか、板金の厚さは薄いものから厚いものまで取り扱う。また、精密板金はレーザー溶接等を用いて半導体・液晶製造装置や医療機器、原子力関連部品、金融機器への加工も行っている。
タクシー業界の会社,東京無線グループの企業の一つで、三鷹市でタクシー会社の運営を行っている。個人タクシーへの独立を支援することが特徴。その他、外注車検や鈑金修理を手掛ける。
タクシー業界の会社,福岡県福岡市において、タクシーの運行を手掛ける。
タクシー業界の会社,埼玉県川越市を拠点とし、タクシーの運行を手掛ける。
ホテル・旅館業界の会社,長野県の諏訪湖に隣接する観光ホテル「ホテル紅や」を運営しており、宿泊施設及び温泉施設がある。また、地元の食材を利用した和会席料理や信州フレンチなどを提供する。また、「諏訪湖サービスエリア」「東部湯の丸サービスエリア」の営業受託も行う。
自動車部品・カー用品製造業界の会社,自動車のボンネットや、ドア及びトランクなどのロック機構のほか、シート機構などの自動車部品の製造を行う。また、ワイヤーケーブル部品も取り扱う。その他、医療分野および住宅関連分野など各種分野における試作品の設計制作も請け負う。この加工技術を活用した自動車生産設備の搬送台車の製造を行い、海外への輸出も展開する。
居住用リフォーム業界の会社,フェンスや門扉をはじめ、駐車場や植栽やデッキなどのエクステリア工事の設計と施工を手掛けている。また、公共事業を中心とする土木工事や建築工事、舗装工事および造園工事を行う。さらに、とび・土工工事や衛生設備工事を手掛ける。その他、解体工事や産業廃棄物の収集と運搬および労働者派遣業に対応。
ホテル・旅館業界の会社,東京や大阪などで展開するホステル「&AND HOSTEL」など、宿泊施設の企画開発および運営を手掛ける。また、簡易宿所の企画や運営、宿泊施設の立ち上げにおけるコンサルティングなども請け負う。その他、簡易宿所のサブリースや運営委託にも携わる。
タクシー業界の会社,観光タクシーや介護タクシーなどのタクシーの運行を手掛ける。また、介護事業所「ケアステーション清和」「デイサポート太陽」ならびに サービス付き高齢者向け住宅「暖ノ奏」などの運営も行う。さらに、買物代行や配達代行などの代行サービスにも対応する。
タクシー業界の会社,主に東京都内を中心にタクシーサービスを提供している会社。観光タクシーをはじめ、車いすの取り扱いや乗降介助、人工呼吸を含めた救急救命などに対応が可能な高齢者の乗客向けタクシーを運行している。
高齢者向け福祉業界の会社,訪問介護や在宅リハビリテーションなどに取り組む訪問看護ステーションの運営を手掛ける。また、「目的型デイサービス」が特徴のデイサービス施設の運営も行う。その他、企業主導型保育事業施設「しおり保育園」やこども食堂「きみてらす」の運営にも携わる。
ゴルフ場業界の会社,ゴルフ場「飯能ゴルフクラブ」の運営を行う。松林に囲まれた、戦略性の高さを売りにした林間コースが特徴。また、ドライビング練習場やレストラン、売店も併設しており、ゴルフ用品やたばこ、清涼飲料水や土産品等を販売する。
タクシー業界の会社,主に東京を中心にタクシー事業を展開。電話での配車依頼の他、Webでの依頼や顧客情報の登録システムがあり住所を伝えなくても配車することが可能となっている。また、簡単に配車依頼ができる「すまほde東都タクシー」も配信する。
金属部品製造業界の会社,丸編み織機や横編み織機などの繊維機械部品をはじめ、射出成型機や船舶機械などの各種鋳物部品の製造を行う。また、製造部品の焼鈍および旋盤や大型マシニングセンターによる機械加工まで、顧客のニーズに合わせた一貫生産にも対応している。
自動車部品・カー用品製造業界の会社,山梨県南巨摩郡を中心に、スバル自動車向けの自動車座席シートの縫製業を行う。自動車座席シートの縫製対象の車種としては、「レガシィ」、「インプレッサ」の他、「フォレスタ」等がある。
自動車部品・カー用品製造業界の会社,自動車用ブレーキ部品の企画や開発、製造および販売を手掛ける。主に、一般自動車からレーシングカーまでのブレーキパッドやブレーキディスクなどを取り扱う。また、モータースポーツ用の製品の開発や販売も行っている。
医療機器・実験機器メーカー業界の会社,病院や開業医院および老人保健施設向けに、在宅酸素療法向けの酸素供給装置などのレンタルや設置、機器の保守や点検業務を行う。酸素濃縮器や人工呼吸器、睡眠時無呼吸症候群用治療機器、および心不全用治療機器を取り扱う。医療機器専門メーカー「フクダ電子」のグループ会社。
高齢者向け福祉業界の会社,埼玉県内でデイサービスセンター「ごらく 草加の里」など複数の介護施設の運営を行う。散歩などの個別レクリエーションや嚥下体操をはじめとする機能訓練を実施する。
タクシー業界の会社,大和自動車交通と業務提携し、東京足立区を拠点としてタクシーの運行・配車管理を行う会社。法人チケットや専用乗車・無線配車などによって営業範囲を拡大。また日曜定休日であり、昼日勤給与保証制度を採用している。
美容サロン業界の会社,子供の利用も可能なファミリーヘアサロン「レッツ」の運営を行う。また、ヘアカットやカラー及びパーマならびにネイルやボディスパなどを行う「ル・クゥル」の運営も手掛ける。
保険代理店業界の会社,全国に店舗を展開するリアルショップ事業として「保険見直し本舗」を運営し、生命保険などの代理販売を手掛ける。また住信SBI ネット銀行の銀行代理業者として「住宅ローンプラザ」を運営し、住宅ローン商品の販売を行う。さらに、会員向けに保険管理サービスアプリ「GOESWELL」を提供。
高齢者向け福祉業界の会社,マシントレーニングやマッサージを取り入れた機能訓練を行う通所介護施設「ひまわり」の運営を行う。また居宅介護支援や訪問介護事業も展開。その他、介護保険の認定を受けていなくても利用のできる施設「トータルケアkomorebi」も運営している。
タクシー業界の会社,ビジネスや観光、冠婚葬祭に適したハイグレード車種を100台余り揃え、東京タクシーセンターのタクシーランクで優良事業者に認定されている。また、都内各地から羽田空港・成田空港・東京ディズニーリゾート間に、通常料金より割安な定額料金を設定している。
自動車部品・カー用品製造業界の会社,点火コイルをはじめとしてミッションスイッチやコンバータ等、自動車用機器の製造を行う。また、エンジン制御のシステム化、統合化に向けたコントローラの開発などに携わる。さらに、エアコンや給湯器、ファンヒーターといった電化製品の電子制御部品などの製造も手掛ける。
高齢者向け福祉業界の会社,住宅型有料老人ホーム「彩」や、小規模多機能ホーム「雅」の運営を行う。また、グループホーム「麗」の運営も手掛ける。訪問介護や訪問看護、居宅介護支援などのサービスを提供。その他、デイサービスセンターの運営も展開する。
高齢者向け福祉業界の会社,「あった介護」という名称で訪問介護と障害者の支援を行う。介護認定を受けた利用者の家にヘルパーが訪問し生活援助や身体介護等のサービスを提供している。また障害者宅にも訪問し居宅介護や移動支援等のサービスに取り組む。
ホテル・旅館業界の会社,主に「ホテルルートイン」などビジネスホテルの運営を行う。「ルートイン」の他に「ルートイングランディア」や「アークホテル」などのチェーンブランドを展開している。加えて、飲食店やゴルフ施設、温泉施設の運営も手掛けている。
警備業界の会社,工事現場や駐車場等での車両や歩行者の誘導や、ホテルや施設に駐留しての館内巡回などを行う。また、花火大会やコンサート等のイベントの交通誘導や会場整理も手掛ける。2017年女子プロゴルフトーナメント大会の警備や、さっぽろ雪まつり内のイベントの観覧者警備等の実績がある。
ホテル・旅館業界の会社,「セントラルホテル」を運営している会社であり、客室166室と日本料理店「あら井」がある。そのほか、宴会場が11ヶ所あり最大300名規模の宴会もできるので、会議や法要など様々な用途に対応可能。さらに、ウェディングでは神殿とチャペルが選べて、婚礼衣装や美容室から二次会の会場までホテル内で提供できることが強み。
美容サロン業界の会社,TEN GROUPとして、美容室やネイルサロンを展開している。「ATELIER TEN」をはじめ、「TEN AVEDA」や「HAIR BISTRO LICCA」及び「STELLA NAIL」などである。加えて美容専門学校「K.O.B ACADEMY」の運営も行う。
居住用リフォーム業界の会社,LIXILのフランチャイズチェーンとして、窓枠やサッシの他、洗面台やトイレ・キッチンなど住宅のパーツを取り扱っており、様々な住宅リフォームを手掛ける。
ホテル・旅館業界の会社,琵琶湖西岸にある雄琴温泉で「里湯昔話 雄山荘」を運営している会社。琵琶湖が眺望できる露天風呂付きの客室を提供。また、自家農園や契約農家から取り入れた食材を使用した料理を提供している。そのほか、同施設内にて、喫茶店やガーデンプールの営業も行う。
ホテル・旅館業界の会社,客室や宴会場およびレストランなどの運営といったホテル事業を手掛ける。宿泊のほかチャペルを擁しホテルウェディングにも対応しており、試食会や相談会などを開催する。また、レストランでは結婚式の二次会や新年会などの貸切にも応じる。
人材紹介業界の会社,取引企業および利用者向けの有料職業紹介事業および一般労働者派遣事業を行う。また企業および利用者に対して自社専任のキャリアアドバイザーにてキャリア開発の支援にも対応。
自動車部品・カー用品製造業界の会社,主にロアーアームやナックルと言った自動車部品の熱間鍛造品などの製造を行っている。自動車部品以外に製品サイズの大きさやロット数に限らず様々な要望に対応。主要取引先に三菱自動車工業株式会社やマツダ株式会社がある。
居酒屋・バー業界の会社,飲食店のチェーン店舗を運営している。店舗にはダイニング型居酒屋「きはちらくはち」や焼き肉店「牛角」、イタリアン「ピソリーノ・ポルボロン」などがある。その他、マンションや商業ビルをなどの不動産賃貸業も手掛ける。
自動車部品・カー用品製造業界の会社,イエローハットを４店舗運営しており、主に車検やタイヤ交換を請け負っている。その他にも持ち込みのカー用品の取り付けやオイル交換および鈑金塗装など、車に関するケアに対応可能。
タクシー業界の会社,小型車やジャンボ車両を使用したタクシー事業を行う。さらに、身体障害者割引や知的障害者割引のほか、精神障害者割引や高齢者割引などもにも対応。
金属部品製造業界の会社,金属のプレス加工や切削加工および溶接加工による、自動車や二輪車、農業機械や産業機械の部品の製造を行う。また、土木・建築部品やOA機器部品なども取り扱う。
金属部品製造業界の会社,鉄やステンレス、アルミなどの切削加工および研削加工により精密部品製造を行う会社である。各種NCジグフライスやマシニングセンター、平面研磨などの機械設備で加工を行っている。
医療機器・実験機器メーカー業界の会社,茨城県つくば市に拠点を置き、歯科技工所の運営を手掛ける。
ゴルフ場業界の会社,千葉県千葉市において、ゴルフ場「本千葉カントリークラブ」を運営する。場内にレストランやコンペルームがあり、乗用カートやゴルフ練習場、ロッカールームも完備している。また、クラブバスでの送迎も手掛ける。その他、「コテージおゆみ野」の運営も行う。
中古車販売業界の会社,日本から海外に向けた日本製の中古自動車と自動車部品の輸出を請け負っている。また、中古車を対象としたオークションの代行業務も行う。海外拠点としてミャンマー・イギリス・ロシアに現地オフィスを構えている。
高齢者向け福祉業界の会社,石巻市や女川市エリアを中心に通所介護や訪問介護の提供、およびグループホームや有料老人ホームを運営している。また、食事宅配サービス、車椅子や歩行器などの福祉器具のレンタルと販売、および住宅改修にも対応する。
警備業界の会社,静岡県静岡市にて、身辺警備や施設の保安、イベント警備などを手掛ける。また、防犯機器などの卸売および設置工事などを行う。さらに、個人および企業の調査を請け負う。
水産物食品専門商社業界の会社,青森市中央卸売市場において、主に青森県産の鮮魚や冷凍魚、塩干品ならびに加工食品の卸売を行う。取り扱う商品として、本マグロやホタテ、ヒラメなどが挙げられる。
高齢者向け福祉業界の会社,要介護者を対象とした各種介護サービスを行っている。サービス内容は、認知症者向けの「グループホーム」や通所型介護の「デイサービス」、および介護機能付き「有料老人ホーム」の3つの施設の運営。なお、空室状況はWebサイトでチェック可能である。
マンション・アパート賃貸業界の会社,アパマンショップ加盟店であり、アパート・マンション賃貸や土地・建物の売買取引の仲介を行う。また、リフォームやリノベーションなどの工事や、ガスの供給やガス器具の販売、および設備工事も手掛けている。そのほか、損害保険や生命保険の代理販売にも取り組む。
金属部品製造業界の会社,自動車部品関連のバネや各種線バネ、スナップリング等を製造する会社。自動車向け以外にも、建設機械や、一般産業機械向けの部品製作も行う。様々な形状のリング製造に対応し、小ロットの受注も行っている。異形線材の加工技術を強みとしている。
自動車部品・カー用品製造業界の会社,自動車部品や、マフラーなどの自動車の吸排気系部品を設計および製造している。
自動車部品・カー用品製造業界の会社,主にホルダーやアダプターなどの自動車用安全部品の加工を手掛ける。また、パイプをジョイントする構成部品の継手も製造。さらに、トンネル工事などで使用される非火薬品のガンサイザーの製造も行う。得意分野は、アルミとSUSと鉄製の切削加工。
Webサービス・アプリ運営業界の会社,群馬県の老人ホーム検索・紹介サイト「群馬県老人ホーム・介護施設紹介センター」を運営している。有料老人ホームをはじめ、特別養護老人ホーム、デイサービス・訪問介護・居宅介護支援や、介護老人保健施設などの介護施設が検索できる。
マンション・アパート賃貸業界の会社,福岡県の不動産の賃貸や売買の仲介および賃貸管理を行っている。お部屋探しサイトの運営と実店舗を福岡市内で展開しており、不動産情報を提供している。戸建やアパート及びマンションなど居住用の物件を取り扱う。また、内外装および外構のリフォーム工事も行っている。
高齢者向け福祉業界の会社,居宅介護支援や訪問介護事業などの高齢者支援事業を行う。また、デイサービス施設の運営を行い、入浴介助や食事のサービスを提供する。その他、認知症対応型グループホームやサービス付き高齢者向け住宅の運営にも取り組む。
ホテル・旅館業界の会社,愛知や三重および静岡や東京で「三交イン名古屋伏見」や「三交イン豊田～四季乃湯～」などのビジネスホテルの運営を行う。また、低反発ウレタンやクリスターなど枕の選択や、無料のコーヒーの提供などのサービスが特徴。
ホテル・旅館業界の会社,「マリンポートホテル海士」の運営を手掛ける。ホテルは、バーベキュー設備や展望浴場「承久の湯」などの入浴設備を有する。また、水中展望船「あまんぼう」の運航なども行う。
金属部品製造業界の会社,オイルポンプやハウジング、シリンダやシートバルブなどの鋳造製品の設計や製造を行う。また、インテークマニホールドやウォーターポンプなどの製品の設計および製造も手掛ける。その他、自動車用部品や鉄道車両用部品、および船舶用部品やコージェネ用部品の製造も請け負う。
高齢者向け福祉業界の会社,介護支援専門員が訪問し、介護サービスの提案や連絡調整を行う居宅介護支援事業を行う。また、デイサービスセンターや訪問看護リハビリステーションなどを運営している。訪問介護事業所の運営も手掛ける。
金属部品製造業界の会社,ねじやボルトおよび鉄構副資材の卸売を行う。また、大型機械や精密機械の加工を請け負う。その他、外装建材や線材の卸売にも対応する。
ホテル・旅館業界の会社,「上高地五千尺ホテル」「上高地五千尺ロッヂ」の運営を手掛けている。また、ケーキやイタリア料理を提供する「ファイブ・ホルン」や、ネイチャーガイドを行う「ナショナルパークガイド」の運営にも取り組む。その他、「五千尺ホテルチーズタルト」などのWeb販売も行っている。
中古車販売業界の会社,岩手県二戸市にてマツダ車などの中古車の販売を行っている。
自動車部品・カー用品製造業界の会社,アメリカに本社を置くハウメット・エアロスペース社の日本拠点であり、トラックやバスなどの鍛造アルミホイールの製造と販売を行う。また、独自の表面処理により汚れや腐食を受けにくいのが特徴の「デュラ・ブライト」などの製品も取り扱う。
高齢者向け福祉業界の会社,同社のデイサービス｢サロンデイ｣は神奈川県を中心に40施設を運営する。｢サロンデイ｣は機能訓練型のデイサービスで、マシントレーニングや歩行トレーニング、全身部位のもみほぐしなどを中心に行うのが特徴。また、居宅介護支援事業所「薬クリエイトの介護支援センター」の運営を行う。
タクシー業界の会社,岡山県岡山市でタクシーによる旅客の運送や運転代行業、並びにスロープ付き小型福祉タクシーによる介護タクシーの運行を手掛ける。またタクシー代行や買い物代行、飲食店と提携しての宅配サービスにも対応している。
自動車部品・カー用品製造業界の会社,株式会社イエローハットのグループ会社として、カー用品専門店「イエローハット」のうち、千葉県内の店舗の運営を行う。主にタイヤやオイル、ホイールなどカー用品の販売や取付業務を手がける。また、車検整備や板金塗装などのメンテナンスサービスを提供。
自動車部品・カー用品製造業界の会社,自動車の部品や建設機械の油圧部品などを製造・販売する会社。自動車部品では、燃料噴射装置やブレーキ、カーエアコン関連の機能部品を得意とし、精密加工の必要な電子部品などの製造も手がけている。アメリカ・中国・メキシコにも生産拠点を持つ。
食品店業界の会社,「スーパーよどばし」などのスーパーにおいて鮮魚や寿司などの加工・販売を行っている。また、干物定食などを提供するフードコート内の定食屋「するが食堂」を運営している会社である。
Webサービス・アプリ運営業界の会社,サンプリングECサイト「サンプル百貨店」や有料サンプリングサービス「ちょっプル」の運営を手掛ける。さらに、サンプリングイベント「RSP」「RSL」の開催も請け負う。また、女性向けファッションのサイト「MUSE&Co.」の運営を行う。
金属部品製造業界の会社,各種精密ピンやパンチ等の冷間鍛造金型用部品や、エジェクタビン等のプラスチック金型部品といった、精密金属加工製品の製造および卸売を手がける。機械加工や放電加工、研削加工といった精密加工や、ラップ研磨およびバレル研磨等を自社工場で行っている点が特徴。
警備業界の会社,関東を中心に交通誘導や駐車場警備、雑踏警備や施設警備などを行っている会社。交通誘導では集合住宅や戸建建築工事、駐車場警備では店舗での誘導を行う。また、雑踏警備ではイベントやお祭りなどの危険防止、施設警備ではオフィスビルや医療施設などの保安に努める。
高齢者向け福祉業界の会社,介護に関するあらゆる相談に対応可能な大阪府の指定居宅介護支援事業所。介護保険適用者には申請・プラン作成やサービス提供までトータルにサポートする。また、訪問介護やデイサービスも提供する。住宅型有料老人ホーム「ぐろーばる巽の家」の運営も行う。
警備業界の会社,商業施設やビル、病院や工場および官公庁施設などを対象に常駐警備を手掛けている。また、駐車場などの交通誘導警備およびイベントなどに対応する臨時警備も請け負う。
人材紹介業界の会社,海外人材や在日外国人を対象にしたマーケティング事業を手掛ける。市場調査やオンライン座談会、SNSを用いた商品のPR紹介など消費に関する調査分析を行う。また、外国人を中心に食品製造業や物流業、小売業などへ人材紹介を行う。その他、外国人登録支援機関の業務に取り組む。
美容サロン業界の会社,理容室の運営を行っており、カットやシェービング、カラーやパーマなどのサービスを提供する。メンズメニューのほかに、レディース向けのブライダルシェービング、デコルテシェービングなどにも対応している。
高齢者向け福祉業界の会社,岐阜県美濃加茂市を拠点として、高齢者向け施設「デイサービス 本郷ふふ」の運営を手掛ける。また、居宅介護支援事業所の運営も行う。施設内には、足湯やキャスター付きのリクライニング椅子が設けられている。
高齢者向け福祉業界の会社,千葉県指定の居宅介護支援・訪問介護事業者である。高齢者および障がい者支援事業全般を請け負い、市区町村と連携して地域密着型のサービスを提供している。「さわやかデイサービス八街」「さわやかリビング成田」では訪問介護を中心に、「CSKシニアハウス」では有料老人ホームとして自立生活を手助けする。
タクシー業界の会社,観光案内や福祉車両、ジャンボタクシーによる団体利用にも対応した「文化タクシー」の運営を行う。また、住宅型老人ホーム「カサ・デ・ファミリア」居宅介護やデイサービスを行う「スマートホーム・パティオ」等の高齢者福祉施設の運営も手がける。
自動車部品・カー用品製造業界の会社,射出成形機および各種組立関連加工機を保有し、自動車など輸送機器のエンジンに使用するオイルフィルターやエアクリーナーの製造組立を行う。また、樹脂成形部品など内装部品の成形を手掛けている。
自動車部品・カー用品製造業界の会社,オートバイ・自転車洋のヘルメットの開発・製造・販売を行っている。世界初の「トップベンチレーションシステム」を採用するなど、徹底して風の流れ や空力にこだわって研究開発を行っている。また、安全性能にも力を入れており、衝撃吸収試験はセンサー付き人型模型を用いてリアルな安全性を追求。
タクシー業界の会社,東京都昭島市を拠点に営業するタクシーの会社。全車両にIP無線機・カーナビを装備するデータ配車システムを採用しているほか、ETC・クレジット決済機を全車両に装備している。また、配車アプリ「全国タクシー」にも対応している。
ホテル・旅館業界の会社,雲仙の温泉旅館「東園」の運営を行う。有明海産の魚介類や雲仙島原産の野菜を使用した懐石料理を提供している。日帰り食事つきプランから、団体予約やウェディング、宴会予約まで請け負う。
居酒屋・バー業界の会社,東京都練馬区において、バーの運営を行う他、飲食店の開業支援として、自社店舗の運営の業務委託を行う。また、不動産の賃貸仲介にも取り組み、アパートやマンション及び戸建住宅、店舗などの不動産を取り扱う。
ゴルフ場業界の会社,「真駒内カントリークラブ」の他、「滝のカントリークラブ」「羊ケ丘カントリークラブ」の運営を行う。いずれのゴルフ場も札幌市内に設けられており、合計ホール数は81。それぞれのゴルフ場にて18ホール、ストロークプレーで競うオープンコンペを開催する。
金属部品製造業界の会社,建設車両や産業車両、農機具ならびに自動車用などの金属部品のプレス加工を手掛ける。さらに、レーザー加工や溶接加工、塗装や組み立てなどにも対応する。その他、電力送電や工事用工具の部品、遮断機や信号機用の部品なども扱う。
高齢者向け福祉業界の会社,訪問介護事業所「Bee-Hive」及び、通所介護事業所「デイサービスBee-Hive」の運営を手掛ける。ケアプランの作成や日常生活援助、並びにサービス事業者との連絡調整を請け負う。さらに、放課後等デイサ一ビス「ぶんぶん」の運営も行う。
高齢者向け福祉業界の会社,介護サービス施設「あまもくケアセンター」を運営し、居宅介護支援やデイサービスを提供している。ケアマネージャーによるケアプランの作成や相談、手続き代行等にも対応。また日常生活での介護や機能訓練サービスの提供も手がけている。
高齢者向け福祉業界の会社,ケアプランの作成や介護保険の給付管理などを行う居宅介護支援施設「ケア・スポット おくど」「ケア・スポットふなぼり」などを運営する。また、手すりやスロープ及び歩行器や車いすの他、認知症老人徘徊感知器や自動排泄処理装置などの福祉用具の貸与や販売を行う。
タクシー業界の会社,大阪府枚方市を中心に営業しており、78台のタクシーを保有している。インターネットからの配車手配やクレジットカード支払いに対応している。また、観光タクシーの運行や妊婦支援も行う。第一交通産業グループに属している。
タクシー業界の会社,釧路市を中心に、一般タクシーや観光タクシー、介護タクシーなどのタクシーを運行している。また、車検や定期点検、板金塗装などの自動車整備も請け負う。
ゴルフ場業界の会社,ゴルフ場「森林公園ゴルフ倶楽部」の運営を手掛ける。施設内ではレストランや浴場ならびにロッカールームの他、地元の食材を販売する売店などを併設している。さらに、ゴルフ場のWeb予約を会員制で行っている。その他、ゴルフ用品のレンタルにも対応。
タクシー業界の会社,栃木県でタクシーの運行を行っている。GPS-AVMを利用した配車システムを導入していることが特徴。また、ジャンボタクシーや黒塗りハイヤー仕様車も保有する。
警備業界の会社,愛知県安城市を拠点に、公園内の巡回や監視業務などの警備業を手がけている。
自動車部品・カー用品製造業界の会社,車検切れや自走不能等で不要となった車両を無料で回収し、解体・分別を施すことで資源として再利用している。また、ボディパーツやエンジン関係、室内電装品といったリサイクル・リビルトパーツの生産及び販売を手がけており、Webサイト上での販売も行う。
高齢者向け福祉業界の会社,サービス付き高齢者向け住宅「グループホーム風の郷」や「有料老人ホーム風の宿」の運営を行う。また、通所介護サービス事業所「デイサービス風の丘」の運営にも携わる。
タクシー業界の会社,滝川市を中心にタクシーを運行している会社である。小型タクシーやジャンボタクシー、小型バスなどを保有し、走行距離運行だけでなく観光用貸切運行にも対応する。さらに、車いすやストレッチャーで乗車できる福祉車輛の運行も行っており、通院だけでなく観光利用にも応じている。
ホテル・旅館業界の会社,鬼怒川温泉にてリゾートホテルの運営を行っており、様々な宿泊プランを提供している。日光に位置するため周囲には観光スポットが豊富で、日光を訪れた観光客に向けてレストランや日帰り入浴施設を運営・提供している。
居酒屋・バー業界の会社,居酒屋「べっか」「あげ福」やベーカリー「コシニール」の運営を行っている。また、カフェ「タリーズコーヒー」や中華料理店「大阪王将」のフランチャイズ店の運営も手掛ける。その他、児童発達支援スクール「コペルプラス」を展開している。
タクシー業界の会社,滋賀交通グループのグループ企業として、滋賀県を中心としたタクシーの運行を手掛ける。
ホテル・旅館業界の会社,那覇市でホテル「琉球サンロイヤルホテル」を運営する。主にビジネスマンや観光客を対象にシングルルームやツインルームを中心とした宿泊施設である。レストランやカフェもあり、会議や宴会などにも対応。その他、ケータリングなどのサービスも提供している。
タクシー業界の会社,24時間365日体制で下川市北部で運行しているタクシー会社である。一般的なタクシー業務以外にも、介護タクシーや子供一人の移動をサポートする子育て支援タクシーのサービスを行っている。
高齢者向け福祉業界の会社,主に、兵庫・大阪を中心とした居宅介護支援サービスとホームヘルパーによる訪問介護サービスを提供している。また車椅子やベット、歩行器といった介護用具のレンタル・販売、さらに介護リフォームを行う。特別養護老人ホームを三箇所運営。
食品店業界の会社,黒毛和牛や愛知県産三州豚、静岡県産ハーブ鶏などの販売店「肉のくわばら」を運営する。手造りハンバーグミートや餃子の具の他、ロースとんかつ等の惣菜の製造および販売も行う。また、弁当や自家製牛タレ、自家製豚タレなどの販売も手掛ける。
高齢者向け福祉業界の会社,「デイサービスセンターこもれび」の運営や併設事業のショートステイの他、ケアプランの作成などの居宅介護支援を行う。その他、介護タクシー事業として「こもれび介護タクシー」も手掛ける。
保険代理店業界の会社,保険サービス事業を行なっている。医療法人および医療従事者を対象とした保険や教職員向け保険、経営者や個人を対象とした保険を取り扱う。また、相続税対策などにも対応。
自動車部品・カー用品製造業界の会社,自動車部品の製造を行っており、ボデー部品およびシート部品を中心に製造している。また、パイプジョイントなどの樹脂成形品の製造も手掛ける。
自動車部品・カー用品製造業界の会社,自動車メーカーの一次下請け会社に、少量多品種の自動車部品の製造、販売を行っている。高級SUV車の外部パーツを主に生産する。
Webサービス・アプリ運営業界の会社,アプリケーションの受託開発やシステムの開発を行っている。Amazon Web Serviceの活用やスマートフォン向けシステムの開発のほか、脆弱性に対するWebプログラミングや暗号化、電子署名を適用した通信ロジックの実装なども手掛ける。
人材紹介業界の会社,在日の外国人求職者と企業とをつなぐ求人プラットフォーム「Guidable Jobs」や「外国人採用HACKS」の運営を手掛ける。また、派遣事業者向けに特化した外国人求職者集客の為の求人プラットフォーム「Guidable Jobsハケン」や「派遣ミーツ」の運営も展開する。その他、日本で暮らす外国人向けの生活情報サービス「Guidable Japan」なども運営する。
Webサービス・アプリ運営業界の会社,歯科業界情報サイト「WHITE CROSS」を中核としたデジタル・プラットフォームの運営を行う。歯科医療に関わる基本的な知識や技術情報・教育インフラを提供し、産業向けコンサルティングやマーケティング支援サービスに取り組む。また、歯科医師専門の就職・転職支援サービスなどの求人サイトの運営を行う。
高齢者向け福祉業界の会社,主に、指定認知症対応型共同生活介護を提供する「グループホーム のぞみ」の運営を手掛ける。また、高齢者介護施設やデイサービスを行う「のぞみ 大門」の運営も行う。その他に、居宅介護支援事業所「のぞみ」を運営する。
人材紹介業界の会社,女性を中心に、介護や医療機関を専門とした人材紹介を手掛ける。介護に関するセミナーの開催や仕事開始後の相談なども行う。また、高齢者や施設に向かいヘアカットやスキンケアなどのサービスを提供する訪問美容事業を展開する。
タクシー業界の会社,福岡県北九州市を拠点に、主にタクシーでの運送業務に取り組む。
タクシー業界の会社,東京都北区を拠点にタクシーの運行を行う。事前に予約する事でタクシー料金が定額となるサービスを展開する事が特徴。
食品店業界の会社,アミューズメントフードホールハローデイのグループ会社である。主にスーパーの鮮魚コーナーで魚の切り身や刺身、寿司などの生鮮食料品や加工調理食品の販売を手掛ける。
タクシー業界の会社,福岡県福岡市を拠点として、タクシー業を手掛けている。
美容サロン業界の会社,全国に女性専用の脱毛専門サロン「銀座カラー」を展開している。脇や足などの部分脱毛から全身脱毛までのカウンセリングと脱毛施術を手掛ける。また、オリジナル保湿ケア「美肌潤美」のフェイスパックやローションの販売も行う。
タクシー業界の会社,神奈川県湘南地区や藤沢市を拠点とし、カーナビや車両内外ドライブレコーダーを搭載したタクシーの運行を行う。また、24時間体制での配車の予約やクレジットカードでの支払いにも対応する。
タクシー業界の会社,タクシー運転業務を行う。主に千葉県柏市を中心とした地域において運行を手掛ける。
人材紹介業界の会社,主婦層に特化した事業を行う会社で、主にキャリア支援やネットリサーチやモニターリサーチなどのマーケティングを行っている。またサイトの企画・制作・運営や、商品の企画・開発等のコンサルティングも請け負う。その他、主婦向けの情報サイトの運営も手掛けている。
マンション・アパート賃貸業界の会社,島根県松江市にて、戸建て住宅やマンション、アパートなどの不動産賃貸や売買の仲介を手掛ける。また、不動産管理業や建物のメンテナンス、およびリフォーム工事を行う。他にも、土地の査定や空き家管理相談を受け付ける。
水産物食品専門商社業界の会社,原料の仕入れから製造、販売までを一貫して行っている。商品は「博多にぞっこん」シリーズや明太子の食べ比べセットなどがある。OEM生産事業も展開しており、百貨店等の独自企画商品やコラボ商品の開発を行う。商品はオンラインショップで購入できる。
高齢者向け福祉業界の会社,エステティックやネイルケア、マッサージなどのサービスを受けられる高齢者向けデイサービスを運営。また、介護サービス付き高齢者住宅「アクティブシニアタウン町田」の運営も手掛ける。その他、有料老人ホーム「サンスマイル八王子高尾」のような事業展開も行う。
金属部品製造業界の会社,金属の塗装や溶接などの加工および金属部品の製造を手掛ける。主に、産業機械や各種コンべアーならびに金属工作機械の部品などの製造を行っている。また、自動車の板金塗装や各種ボデーの改造を実施。
タクシー業界の会社,観光や大人数での移動で用いられるハイヤーやタクシーの運行を行っている会社。ハイヤーは、ワンボックスカーで運行している。タクシーはアプリでの配車が可能。そのほか、忘れ物などをSNSで公開するサービスなどを行っている。
中古車販売業界の会社,主に、中東・北アフリカ市場を中心にトヨタグループの現地代理店の立ち上げ支援を手掛ける会社。また、省エネ関連製品や農林業機械の輸出・販売を行う。そのほかにも、再生エネルギー事業の展開やレクサス販売店の運営にも取り組む。
自動車部品・カー用品製造業界の会社,プラスチック成型機や合皮手巻き貼り付けを駆使し、自動車の内装部品の製造を主に行っている。ドアアームレストやドアセンターなどの内装部品を主要製品とし、圧着や孔あけプレスなどの機械設備と特殊技能を活かした製造が特徴。
自動車部品・カー用品製造業界の会社,富山県下新川郡で自動車の部品や用品の製造を行う。
高齢者向け福祉業界の会社,介護付有料老人ホーム「フラワーガーデン」の運営を手掛ける。また、グループホームおよびショートステイ、デイサービス施設を併設し、サービスの提供を行う。そのほか、住宅型有料老人ホーム「フラワーガーデン・ララ」の運営にも携わる。
ホテル・旅館業界の会社,群馬県草津温泉で最大収容人員933名を収容するホテルを運営する。風呂は大浴場･露天風呂があり、客室は桃山文化の粋を集めた部屋であるのが特徴。また、カラオケボックスや屋外プール、宴会場ならびに会議室などのパブリックスペースの提供を行う。
食品店業界の会社,栃木県で農産物直売所「あぜみち」を経営している。一般客および契約しているレストランに向けて、地元の農家から仕入れた野菜などの販売や地元産の野菜を使った惣菜やお弁当も販売している。
塾・受験予備校業界の会社,関西地方で学習塾「スクールIE」をフランチャイズ展開して運営する事業を主力としている。他に英会話スクール「WinBe」や、関西大学の学生向けマンションの不動産賃貸業も行う。学生や教育関係以外にも介護業界への参入も行っており、デイサービス「SD健寿」を1拠点運営している。
警備業界の会社,合建警備保障株式会社のグループ企業である。雑踏警備や官公庁および民間オフィスビルや病院、レジャー施設等の清掃設備管理を請け負う。その他に交通誘導などを手掛ける。
金属部品製造業界の会社,液晶・半導体・医療機器装置部品・食品関係装置部品・各種製造装置部品などの製造を行っている。精密なフライス加工（多数の切れ刃を持つフライスで面加工を行うこと）を行う、5軸制御マシニングセンタ（X軸・Y軸・Z軸と2軸の旋回軸をもち、種々の作業ができる工作機械）を強みの設備としている。
警備業界の会社,博多市を中心にお祭りやイベント会場での警備を請け負う。また、工事現場や道路工事などでの交通誘導なども行う。
金属部品製造業界の会社,エレベーターや工作機械に使用される銑鉄鋳物の製造・販売を行う。2018年現在では1か月あたり500tの生産能力があり、2t/炉の高周波電気炉を有している。
高齢者向け福祉業界の会社,「住宅型有料老人ホーム 住ま居るメディカ」という老人ホーム施設の運営を行う。また、通常規模通所介護施設「デイサービスセンター住ま居る」という施設においてリハビリテーションや看護や介護を請け負う。その他、訪問介護事業も手掛ける。
警備業界の会社,ホームセキュリティーサービスなど警備保障サービスを手掛ける。
警備業界の会社,神奈川県横浜市を拠点に、工事作業所などでの交通誘導警備をはじめとした警備業を手掛ける。警備業大手や準大手、ゼネコンからの委託を請け負う。
警備業界の会社,オフィスビルなどの施設に警備員が常駐する施設警備や、工事現場や駐車場で車両誘導を行う交通誘導警備などを行う。そのほか、施設や工事現場への定期巡回や、お祭り・イベントなどでの雑踏警備も担っている。京浜警備保障グループ内の1社。
金属部品製造業界の会社,産業用機械部品の製造を主力事業としており、建設機械用ブームやアーム連結ピン、トラックローラなどの製造および販売を手掛ける。また、フォークリフト用部品や農業機械部品も扱っており、単一工程加工や外型超仕上げ加工の請負も行う。
ホテル・旅館業界の会社,総合リゾート施設「当間高原リゾート ベルナティオ」の運営を手掛けており、ホテルやゴルフ場の他レストランなど併設する施設の運営も行う。その他、新潟県の特産品を中心に自社Webサイトにて通販を行っている。「にいがた和牛カレー」などの自社商品のほか、魚沼産コシヒカリなどの商品を取り扱う。
高齢者向け福祉業界の会社,奈良県桜井市にて介護事業の運営を行い、デイサービスの送迎やショートステイでの介護、訪問介護や入浴介助を請け負っている。
金属部品製造業界の会社,油圧部品やブレーキ、ボビンなどの工業用ミシンの部品製造を行う会社である。電解、ブラシや高圧水噴射を取り入れた機械によるバリ取りを行っている。その他にもエクスツルードホーンという技術を使い、加工を行う。
金属部品製造業界の会社,ブルドーザーやパワーショベル、ミニショベルなどの建設機械用の足回り部品である履帯の製造を鍛造から組み立てまで手掛ける。また、大型トランスファープレスを使用した履帯用鍛造リンクの製造や熱処理、機械加工ならびに販売も行っている。
ゴルフ場業界の会社,ゴルフ場「那覇ゴルフ倶楽部」を運営を行う。全18ホールあり、全組キャディーが付き、カートも装備している。また、練習場を備えられており、他にも浴場やレストランにコンペルームと施設を保有する。
タクシー業界の会社,日の丸自動車グループの会社で、タクシー運送を手掛けている。外国人の利用客に対応できるよう、希望があったドライバーには語学研修を受けさせていることが特徴。
警備業界の会社,交通誘導警備や各種施設における警備を中心に行う会社。他にも、イベントにおける雑踏警備や高速道路警備・更に施設内の巡回警備など様々な種類の警備活動を行う。公式サイトでこれらの警備に関する依頼を募集している。
ホテル・旅館業界の会社,草津温泉「昔心の宿 金みどり」の運営を行い、大浴場や貸切温泉を提供している。また、食事処や宴会場の設営も手掛ける。
金属部品製造業界の会社,自動車やコピーなどのOA機器に使用される金属部品の製造を行う。また、プレス金型や試作板金などの設計から製造までを手掛ける。その他、業務用コーヒーサーバーやゲーム機ならびに自動販売機などの製造にも対応。
居住用リフォーム業界の会社,LPGの供給や配管工事、ガス機器の販売・施工に加えて、家庭電化製品や照明器具の販売も行っている会社。その他、衛生機器やユニットバスといった住設機器の販売・施工、リフォーム工事なども手掛ける。
ホテル・旅館業界の会社,高知市において「高知パレスホテル」の運営を行う。また、ホテル内にてフランス料理店「ビュッフェレストラン エズ」を運営し、創作料理をビュッフェ形式で提供する。その他、高知大丸の食品売り場にて、洋惣菜店、洋菓子店を出店する。さらに、「とんかつ専門店 かつれつ亭」「高知家の食卓 りょうま」の運営も手掛ける。
居酒屋・バー業界の会社,飲食店では、かっぱ寿司等チェーン店の運営を行っている。また、フランチャイズ店舗としてサンマルクなどの運営も行っている。
ホテル・旅館業界の会社,大浴場や展望貸切風呂、露天風呂などの温泉を備える純和風旅館「四万やまぐち館」の運営を主な業務とする。洋室、和室タイプのほかに露天風呂付客室などの客室を備えている。